;Zeitstempel;Wie alt sind Sie?;In welchem Gebiet leben Sie aktuell (in etwa)?;Aus welchem Gebiet stammen Sie (in etwa)?;acheln;Aschpes;baldowern;beganneft;Boker;dibbern / diwwern;Goi;kapores;lau;lugen / louen ;malochen;Reibach / Rebbes;schaskeln;Schawwes;schicker / beschickert;Schmu;Schores;Stuss;Toches / Dokes;tof;weisen ;Zores;Woher kennen Sie die Wörter? (Mehrfachnennung möglich);Wussten Sie, dass diese Wörter aus dem Jiddischen stammen?
Saarlouis;;;;;;;;;;;;;;;;;;;;;;;;;;;;
Saarlouis;;;;;;;;;;;;;;;;;;;;;;;;;;;;
;2020/09/07 10:03:21 AM OEZ;15 - 30 Jahre;Saarlouis;Saarlouis;0;0;1;0;0;0;0;0;0;Schauen;2;1;0;0;0;1;1;2;0;0;Zeigen;2;"1;2";bei keinen
;2020/09/07 10:15:50 AM OEZ;15 - 30 Jahre;Saarlouis;Saarlouis;0;0;0;0;0;0;0;0;0;schauen/gucken;2;1;0;0;0;0;0;2;0;0;;3;2;bei keinen
;2020/09/07 10:21:29 AM OEZ;15 - 30 Jahre;Saarlouis;Saarlouis;0;0;0;0;0;0;0;0;1;Schauen;1;0;0;0;0;0;0;2;0;0;;0;2;bei keinen
;2020/09/07 10:34:28 AM OEZ;15 - 30 Jahre;Saarlouis;Saarlouis;0;0;2;0;0;0;0;0;1;;2;2;0;0;0;1;0;2;0;0;1;6;"1;2";bei keinen
;2020/09/07 10:41:49 AM OEZ;15 - 30 Jahre;Saarlouis;Saarlouis;0;0;1;0;0;0;0;0;1 ;schauen;1;0;0;0;1;1;0;1;0;0;zeigen ;1;"3;1;2";bei keinen
;2020/09/07 10:47:56 AM OEZ;15 - 30 Jahre;Saarlouis;Saarlouis;0;0;0;0;0;0;0;0;1;;2;1;0;0;0;0;0;1;0;0;;1;1;bei keinen
;2020/09/07 10:55:24 AM OEZ;15 - 30 Jahre;Saarlouis;Saarlouis;0;0;1;0;0;0;0;0;0;1;1;1;0;0;0;0;0;1;0;0;;0;"3;1;2";bei keinen
;2020/09/07 11:00:48 AM OEZ;15 - 30 Jahre;Saarlouis;Saarlouis;0;0;0;0;0;0;0;0;1;1;0;0;0;0;0;0;0;1;0;0;1;0;2;bei keinen
;2020/09/07 11:05:17 AM OEZ;15 - 30 Jahre;Saarlouis;Saarlouis;0;0;1;0;0;0;0;0;0;1;1;1;0;0;0;0;0;1;0;0;;0;"3;1;2";bei keinen
;2020/09/07 11:36:41 AM OEZ;15 - 30 Jahre;Saarlouis;Saarlouis;0;0;0;0;0;0;0;0;2;mal schauen;0;0;0;0;0;2;0;2;0;0;zeigen;1 ;"3;1;2";bei keinen
;2020/09/07 11:37:44 AM OEZ;15 - 30 Jahre;Saarlouis;Saarlouis;0;0;0;0;0;0;0;0;3;schauen/sehen;2;0;0;0;0;2;0;2;0;0;;0;"3;1";bei keinen
;2020/09/07 11:38:37 AM OEZ;15 - 30 Jahre;Saarlouis;Saarlouis;0;0;0;0;0;0;0;0;0;Schauen;0;0;0;0;2;0;0;2;0;0;;4;1;bei keinen
;2020/09/07 11:39:02 AM OEZ;15 - 30 Jahre;Saarlouis;Saarlouis;0;0;0;0;0;0;0;0;0;Schauen , gucken ;2;0;0;0;2;0;0;2;0;0;Zeigen;6;1;bei keinen
;2020/09/07 11:39:55 AM OEZ;15 - 30 Jahre;Saarlouis;Saarlouis;0;0;0;0;0;0;0;0;0;Schauen;2;2, 6;0;0;0;0;0;2;0;0;;5;3;bei keinen
;2020/09/07 11:48:38 AM OEZ;15 - 30 Jahre;Saarlouis;Saarlouis;1;0;0;0;0;0;0;2;2;Schauen;0;0;0;2 ;0;0;1;2;0;0;Zeigen;1;1;bei keinen
;2020/09/07 12:13:49 PM OEZ;15 - 30 Jahre;Saarlouis;Saarlouis;0;0;0;0;0;0;0;0;1;1;0;0;0;0;0;0;0;1;0;0;1;0;2;bei keinen
;2020/09/07 12:20:06 PM OEZ;15 - 30 Jahre;Saarlouis;Saarlouis;0;0;0;0;0;0;0;0;0;schauen;1;0;0;0;0;0;0;0;0;0;;1;1;bei keinen
;2020/09/07 12:23:39 PM OEZ;15 - 30 Jahre;Saarlouis;Saarlouis;0;0;2;0;0;0;0;0;3;1 Bedeutung: schauen bzw Sehen;2;2;0;0;0;1 ;2;2;2;0;etwas erklären;6;"3;1;2";bei keinen
;2020/09/07 12:24:18 PM OEZ;15 - 30 Jahre;Saarlouis;Saarlouis;0;1;0;0;0;0;0;0;3;schauen/gucken;2;2;0;0;2;0;1;2;0;0;zeigen;3, 11;"3;1";bei keinen
;2020/09/07 12:53:37 PM OEZ;15 - 30 Jahre;Saarlouis;Saarlouis;0;0;1;0;0;0;0;0;0;schauen;2;17;0;0;0;3;0;2;0;0;1;4;"3;2";bei keinen
;2020/09/07 12:55:45 PM OEZ;15 - 30 Jahre;Saarlouis;Saarlouis;0;0;0;0;0;0;0;0;0;;0;0;0;0;1;0;0;1;0;0;;0;1;bei keinen
;2020/09/07 12:57:22 PM OEZ;15 - 30 Jahre;Saarlouis;Saarlouis;0;0;1;0;0;0;0;0;1;Schauen;0;0;0;0;0;1;0;2;0;0;;0;"1;2";bei keinen
;2020/09/07 1:05:06 PM OEZ;15 - 30 Jahre;Saarlouis;Saarlouis;0;0;0;0;0;0;0;0;3;;2;0;0;0;0;0;0;2;0;0;;0;2;bei keinen
;2020/09/07 1:34:50 PM OEZ;15 - 30 Jahre;Saarlouis;Saarlouis;0;0;1;0;0;0;0;0;0;1;1;1 ;0;0;0;1 ;0;1 ;0;0;1 ;1 ;"1;2";bei keinen
;2020/09/07 1:37:14 PM OEZ;15 - 30 Jahre;Saarlouis;Saarlouis;1;0;0;0;0;0;0;2;2;Schauen;0;0;0;2 ;0;0;1;2;0;0;Zeigen;1;1;bei keinen
;2020/09/07 1:43:09 PM OEZ;15 - 30 Jahre;Saarlouis;Saarlouis;0;0;0;0;0;0;0;0;1;1;1;1;0;0;0;0;1;1;0;0;1;1;"3;1;2";bei keinen
;2020/09/07 2:08:08 PM OEZ;15 - 30 Jahre;Saarlouis;Saarlouis;0;0;0;0;0;0;0;0;3;Schauen;1;0;0;0;0;0;0;2;0;0;;3;1;bei keinen
;2020/09/07 2:55:54 PM OEZ;15 - 30 Jahre;Saarlouis;Saarlouis;0;0;0;0;0;0;0;0;3;;2;2;0;0;0;0;0;2;0;0;;5;"3;1;2";bei keinen
;2020/09/07 3:06:57 PM OEZ;15 - 30 Jahre;Saarlouis;Saarlouis;0;0;0;0;0;0;2;0;0;Kucken;2;2;0;0;2;2;0;2;0;0;;6;"3;1";bei keinen
;2020/09/07 3:18:58 PM OEZ;15 - 30 Jahre;Saarlouis;Saarlouis;0;0;1;0;0;0;0;0;2;;0;0;0;0;0;0;1;2;0;0;;13;"1;2";bei keinen
;2020/09/07 3:29:05 PM OEZ;15 - 30 Jahre;Saarlouis;Saarlouis;0;0;1;0;0;2;0;0;3;schau mal;1 ;0;0;0;1 ;1 ;0;2;2;0;Weis mo- Zeig mal ;3;"3;1;2";bei keinen
;2020/09/07 3:33:31 PM OEZ;15 - 30 Jahre;Saarlouis;Saarlouis;0;0;1;0;0;0;0;0;1;1;1;0;0;0;0;1;0;1;0;0;1;1;"3;1";bei keinen
;2020/09/07 4:57:24 PM OEZ;15 - 30 Jahre;Saarlouis;Saarlouis;0;0;0;0;0;0;0;0;1;;1;0;0;0;0;0;0;2;0;0;1;1 ;"3;1";bei keinen
;2020/09/07 5:20:50 PM OEZ;15 - 30 Jahre;Saarlouis;Saarlouis;0;0;0;0;0;0;0;0;1 ;1 ;2;1 ;1 ;0;1 ;1 ;0;1 ;0;0;1 ;1 ;"3;1";bei keinen
;2020/09/07 7:18:51 PM OEZ;15 - 30 Jahre;Saarlouis;Saarlouis;0;1;0;0;0;0;0;0;3;schauen/gucken;2;2;0;0;2;0;1;2;0;0;zeigen;3, 11;"3;1";bei keinen
;2020/09/07 7:21:48 PM OEZ;15 - 30 Jahre;Saarlouis;Saarlouis;0;0;1;0;0;0;0;0;3;sehen;2;1;0;0;0;1;1;2;0;0;Jemandem etwas weisen;6;"3;1;2";bei keinen
;2020/09/07 8:13:56 PM OEZ;15 - 30 Jahre;Saarlouis;Saarlouis;0;0;1;0;0;1;0;0;0;Schauen;1;0;0;0;0;1;1 ;1;0;0;1;1;3;bei keinen
;2020/09/07 9:18:18 PM OEZ;15 - 30 Jahre;Saarlouis;Saarlouis;0;0;0;0;0;0;0;0;4;Lou mol lo do leid a Schau mal;2;3;0;0;0;0;1;2;0;0;Den Weg weisen;0;"3;1";bei keinen
;2020/09/07 9:24:19 PM OEZ;15 - 30 Jahre;Saarlouis;Saarlouis;0;0;0;0;0;0;0;0;0;Schauen ;0;0;0;0;0;0;0;0;0;0;;5 ;1;bei keinen
;2020/09/07 9:27:26 PM OEZ;15 - 30 Jahre;Saarlouis;Saarlouis;0;0;0;0;0;1 ;0;0;0;Schauen ;2;18;0;0;3;0;0;2;0;0;Zeigen;5 ;"3;1;2";bei keinen
;2020/09/07 9:59:40 PM OEZ;15 - 30 Jahre;Saarlouis;Saarlouis;0;0;3;0;0;0;0;0;2;Schauen;2;0;0;0;0;2;0;2;0;0;Zeigen;3;1;bei keinen
;2020/09/07 10:04:21 PM OEZ;15 - 30 Jahre;Saarlouis;Saarlouis;0;0;0;0;0;0;0;0;0;;2;0;0;0;2;0;0;2 ;0;0;Jemanden etwas zeigen ;5 ;"3;1";bei keinen
;2020/09/07 10:49:25 PM OEZ;15 - 30 Jahre;Saarlouis;Saarlouis;0;0;0;0;0;0;0;0;2;schauen;2;0;0;0;0;0;0;2;0;0;zeigen;11;"3;1";bei keinen
;2020/09/07 10:58:12 PM OEZ;15 - 30 Jahre;Saarlouis;Saarlouis;0;0;1 ;0;0;1 ;0;0;0;1 ;1 ;0;0;0;0;0;0;1 ;0;0;1 ;1 ;1;bei keinen
;2020/09/08 2:35:26 AM OEZ;15 - 30 Jahre;Saarlouis;Saarlouis;0;0;0;0;0;0;0;0;0;Schauen , gucken ;2;0;0;0;2;0;0;2;0;0;Zeigen;6;1;bei keinen
;2020/09/08 5:10:23 PM OEZ;15 - 30 Jahre;Saarlouis;Saarlouis;0;0;0;0;0;0;0;0;1;1;1;0;0;0;0;0;0;1;0;0;;1;"1;2";bei keinen
;2020/09/09 3:34:24 PM OEZ;15 - 30 Jahre;Saarlouis;Saarlouis;0;0;0;0;0;0;0;0;1;1;0;0;0;0;0;0;0;1;0;0;;1;2;bei keinen
;2020/09/09 3:37:02 PM OEZ;15 - 30 Jahre;Saarlouis;Saarlouis;0;0;0;0;0;1;0;0;1;1;0;0;0;0;0;0;0;0;0;0;;0;2;bei keinen
;2020/09/09 3:38:13 PM OEZ;15 - 30 Jahre;Saarlouis;Saarlouis;0;0;0;0;0;0;0;0;2;;2;0;0;0;0;1;0;2;0;0;zeigen;1;"3;1;2";bei keinen
;2020/09/09 3:39:28 PM OEZ;15 - 30 Jahre;Saarlouis;Saarlouis;0;0;4;0;0;0;0;1;2, 16;;1;0;1;0;0;0;1;2;0;0;;6;1;bei keinen
;2020/09/09 7:12:16 PM OEZ;15 - 30 Jahre;Saarlouis;Saarlouis;0;0;0;0;0;0;0;0;0;;1 ;1;0;0;0;0;0;1;0;0;;0;1;bei keinen
;2020/09/09 7:31:42 PM OEZ;15 - 30 Jahre;Saarlouis;Saarlouis;0;0;0;0;0;0;0;0;2;;1;0;0;0;0;0;0;2;0;0;;11;3;bei keinen
;2020/09/09 7:44:50 PM OEZ;15 - 30 Jahre;Saarlouis;Saarlouis;0;0;1;0;0;0;0;0;0;1;1;1;0;0;1;1;0;1;0;0;1;1;"3;1;2";bei keinen
;2020/09/09 10:29:19 PM OEZ;15 - 30 Jahre;Saarlouis;Saarlouis;0;0;2;0;0;0;0;0;2;Schauen;2;17;0;0;0;2;0;2;0;0;Zeigen;3;"3;1;2";bei keinen
;2020/09/07 10:19:03 AM OEZ;30 - 50 Jahre;Saarlouis;Saarlouis;0;0;1;0;0;0;0;0;6;Schauen;2;2;0;0;2;6;0;2;0;0;Zeigen;1;3;bei keinen
;2020/09/07 10:35:16 AM OEZ;30 - 50 Jahre;Saarlouis;Saarlouis;0;0;0;0;0;2;0;0;3;;1;0;0;0;0;6;0;1;0;0;;3;"3;1";bei keinen
;2020/09/07 11:52:39 AM OEZ;30 - 50 Jahre;Saarlouis;Saarlouis;0;0;0;0;0;0;0;0;0;Schauen;2;1;0;0; 2;1;0;1;0;0;;1;"1;2";bei keinen
;2020/09/07 11:54:20 AM OEZ;30 - 50 Jahre;Saarlouis;Saarlouis;0;0;0;0;0;0;0;0;2;Schauen;2;0;2 ;0;0;8;0;2 ;0;0;;16;"3;1";bei keinen
;2020/09/07 12:12:57 PM OEZ;30 - 50 Jahre;Saarlouis;Saarlouis;0;0;0;0;0;0;0;0;1;Schauen;1;0;0;0;0;2 ;0;2;0;0;;5;3;bei keinen
;2020/09/07 12:37:11 PM OEZ;30 - 50 Jahre;Saarlouis;Saarlouis;0;0;0;0;0;0;0;0;1;1;1;1;0;0;0;0;0;1;1;0;1;1;3;bei keinen
;2020/09/07 12:37:38 PM OEZ;30 - 50 Jahre;Saarlouis;Saarlouis;0;0;0;0;0;0;0;0;3;;0;0;0;0;0;1;0;2;0;0;;11, 14;1;bei keinen
;2020/09/07 1:49:37 PM OEZ;30 - 50 Jahre;Saarlouis;Saarlouis;0;0;0;0;0;0;0;0;0;;2;1;0;0;0;1;0;0;0;0;Zeigen ;1;"3;1";bei keinen
;2020/09/07 2:02:04 PM OEZ;30 - 50 Jahre;Saarlouis;Saarlouis;0;0;1;0;0;0;0;0;3;;2;1;0;0;0;3;1;1;0;0;Etwas zeigen ;1;"3;1;2";bei keinen
;2020/09/07 2:42:05 PM OEZ;30 - 50 Jahre;Saarlouis;Saarlouis;0;0;5, 18;0;0;0;0;0;0;Schauen, sehen;2;2;0;0;2;0;0;2;0;0;Zeigen ;3;1;bei keinen
;2020/09/07 2:59:17 PM OEZ;30 - 50 Jahre;Saarlouis;Saarlouis;0;0;0;0;0;0;0;0;1;1;1;1;0;0;0;1;0;1;0;0;;1;3;bei keinen
;2020/09/07 3:08:43 PM OEZ;30 - 50 Jahre;Saarlouis;Saarlouis;0;0;9, 10;0;0;0;0;0;0;schauen;2;2;0;0;0;8;0;2;2;0;;3;"3;1";bei keinen
;2020/09/07 3:12:17 PM OEZ;30 - 50 Jahre;Saarlouis;Saarlouis;0;0;2, 5;0;0;0;0;0;2;schauen;2;0;0;0;2;8;0;2 ;0;0;;6;"3;1";bei keinen
;2020/09/07 3:33:23 PM OEZ;30 - 50 Jahre;Saarlouis;Saarlouis;0;0;11, 12;0;0;0;0;0;0;Schauen ,betrachten ;2;17 ;0;0;0;6, 12;0;2;0;0;Zeigen ,erklären ;5;"3;1";bei keinen
;2020/09/07 5:16:04 PM OEZ;30 - 50 Jahre;Saarlouis;Saarlouis;0;0;5, 31;0;0;0;0;0;2;;2;2;0;0;2;1;0;2;0;0;Zeigen, erklären;3;"3;1";bei keinen
;2020/09/07 8:05:44 PM OEZ;30 - 50 Jahre;Saarlouis;Saarlouis;0;0;0;0;0;0;0;0;0;;2;0;0;0;0;1;0;2 ;0;0;;1 ;3;bei keinen
;2020/09/07 8:58:26 PM OEZ;30 - 50 Jahre;Saarlouis;Saarlouis;0;0;0;0;0;0;0;0;0;schauen;2;1 ;0;0;0;0;0;2;0;0;zeigen ;1;"3;1;2";bei keinen
;2020/09/07 9:15:17 PM OEZ;30 - 50 Jahre;Saarlouis;Saarlouis;0;0;1;0;0;0;0;0;1;;2;2;0;0;1;6;0;2;0;0;zeigen;5 ;"3;1";bei keinen
;2020/09/07 9:57:40 PM OEZ;30 - 50 Jahre;Saarlouis;Saarlouis;0;0;1;0;0;0;0;0;3;1;2;17;0;0;0;3, 7;0;2;0;0;zeigen;5;"3;1;2";bei keinen
;2020/09/07 10:31:16 PM OEZ;30 - 50 Jahre;Saarlouis;Saarlouis;0;0;1;0;0;0;0;0;3;Schauen;2;1;0;0;2;2;1;2 ;0;0;Etwas zeigen;1;2;bei keinen
;2020/09/07 11:17:04 PM OEZ;30 - 50 Jahre;Saarlouis;Saarlouis;0;0;1;0;0;0;0;0;1;1;1;1;0;0;0;1;0;1;0;0;1;1;"3;1";bei keinen
;2020/09/08 1:52:29 PM OEZ;30 - 50 Jahre;Saarlouis;Saarlouis;0;0;0;0;0;0;0;0;1;1;2;1;0;0;0;1;0;2;0;0;;11;"1;2";bei keinen
;2020/09/08 1:54:19 PM OEZ;30 - 50 Jahre;Saarlouis;Saarlouis;0;0;0;0;0;0;0;0;1;1;2;1;0;0;0;1;0;1;0;0;;1;"1;2";bei keinen
;2020/09/08 6:59:50 PM OEZ;30 - 50 Jahre;Saarlouis;Saarlouis;0;0;13;0;0;0;0;0;0;;2;7;0;0;2;8;0;2;0;0;zeigen;11;1;bei keinen
;2020/09/08 10:59:57 PM OEZ;30 - 50 Jahre;Saarlouis;Saarlouis;0;0;1 ;0;0;0;0;0;0;(Mal) Schauen;2;17;0;0;2;2, 8;0;2;0;0;Zeigen;5 ;"3;1";bei keinen
;2020/09/09 1:50:50 PM OEZ;30 - 50 Jahre;Saarlouis;Saarlouis;0;0;1 ;0;0;0;0;0;0;;1 ;1 ;0;0;0;1;0;1 ;0;0;Nein;1 ;"3;2";bei keinen
;2020/09/09 2:17:23 PM OEZ;30 - 50 Jahre;Saarlouis;Saarlouis;0;0;4;0;0;0;0;0;0;schauen;2;17;0;0;0;8, 9;0;2;0;0;etw zeigen;5;"3;1";bei keinen
;2020/09/09 5:09:52 PM OEZ;30 - 50 Jahre;Saarlouis;Saarlouis;0;0;0;0;0;0;0;0;0;;2;2;0;0; 2 ;8;8;2;0;0;Zeigen;5;"3;1";bei keinen
;2020/09/09 10:23:10 PM OEZ;30 - 50 Jahre;Saarlouis;Saarlouis;0;0;1;0;0;0;0;1;1;gucken/schauen;2;17;0;0;2;1;0;2;0;0;zeigen;13;"3;1";bei keinen
;2020/09/10 8:33:54 AM OEZ;30 - 50 Jahre;Saarlouis;Saarlouis;0;0;0;0;0;0;0;0;0;;2;0;0;0;0;1;0;2 ;0;0;;1 ;3;bei keinen
;2020/09/12 11:06:47 AM OEZ;30 - 50 Jahre;Saarlouis;Saarlouis;0;0;1;0;0;1;0;0;2;schauen;2;2;0;0;2;8;0;2;0;0;zeigen;5;"3;1";bei keinen
;2020/09/07 3:09:04 PM OEZ;50 - 70 Jahre;Saarlouis;Saarlouis;0;0;9;0;0;0;0;1;3;Schauen;2;2, 6, 17;0;0;2;2;0;2;2;0;Zeigen;5, 6;"3;1;2";bei keinen
;2020/09/07 4:21:59 PM OEZ;50 - 70 Jahre;Saarlouis;Saarlouis;0;0;1;0;0;1;0;0;1;1;1;1;0;0;1;1;1;1;0;0;1;1;"1;2";bei keinen
;2020/09/07 7:38:25 PM OEZ;50 - 70 Jahre;Saarlouis;Saarlouis;0;0;2;0;0;0;0;3;3;sehen;2;2;0;0;2;8;0;2;2;0;etwas zeigen;3, 6;"3;1";bei keinen
;2020/09/07 8:21:23 PM OEZ;50 - 70 Jahre;Saarlouis;Saarlouis;0;0;5;0;0;0;0;0;3;Schauen;2;2;0;0;5;27;0;2;0;0;Zeigen;6;3;bei keinen
;2020/09/07 8:21:32 PM OEZ;50 - 70 Jahre;Saarlouis;Saarlouis;0;0;7;0;0;2;0;0;3;Schauen, ;2;0;0;0;1;0;1;1;0;0;1;1;1;bei keinen
;2020/09/07 8:26:19 PM OEZ;50 - 70 Jahre;Saarlouis;Saarlouis;0;0;4, 9;0;0;0;0;0;16;schauen ;2;2;0;0;0;3, 9;0;2;0;0;zeigen ;6;3;bei keinen
;2020/09/07 8:28:28 PM OEZ;50 - 70 Jahre;Saarlouis;Saarlouis;0;0;31;0;0;0;0;0;3;Gucken;2;2;0;0;0;8;0;2;0;0;zeigen;6;"3;1;2";bei keinen
;2020/09/07 8:53:35 PM OEZ;50 - 70 Jahre;Saarlouis;Saarlouis;0;0;1;0;0;0;0;0;3;schauen;1;1;0;0;0;1;0;2;0;0;zurechtweisen;1;"3;1";bei keinen
;2020/09/07 9:33:29 PM OEZ;50 - 70 Jahre;Saarlouis;Saarlouis;0;0;1 ;0;0;0;0;0;1 ;1 ;2;2;0;0;1 ;1 ;0;1 ;0;0;Zeigen ;7;"3;1";bei keinen
;2020/09/07 10:05:06 PM OEZ;50 - 70 Jahre;Saarlouis;Saarlouis;0;0;0;0;0;0;0;0;0;Schauen;2;1;0;0;1;8;0;2;0;0;;1;"3;1";bei keinen
;2020/09/07 10:09:11 PM OEZ;50 - 70 Jahre;Saarlouis;Saarlouis;0;0;9;3;0;13;10;0;3;schauen;2;17;0;0;0;1;0;2;0;0;zeigen;1;"3;1;2";bei keinen
;2020/09/07 10:18:36 PM OEZ;50 - 70 Jahre;Saarlouis;Saarlouis;0;0;1;0;0;0;0;0;3;schauen;2;17;0;0;0;9, 26;0;2;0;0;zeigen;5;"3;1";bei keinen
;2020/09/07 10:55:29 PM OEZ;50 - 70 Jahre;Saarlouis;Saarlouis;0;0;0;0;0;0;0;0;1;;1;1;0;0;0;1;0;1;0;0;1;1;3;bei keinen
;2020/09/08 8:19:24 AM OEZ;50 - 70 Jahre;Saarlouis;Saarlouis;0;0;5;0;0;0;0;0;1;schauen ;2;2;0;0;2;9;0;2 ;0;0;;19;"1;2";bei keinen
;2020/09/08 5:15:17 PM OEZ;50 - 70 Jahre;Saarlouis;Saarlouis;2;0;0;0;0;0;0;1;2;Schauen;2;1 ;0;0;2 ;1 ;0;2;2;0;;1;"3;1;2";bei keinen
;2020/09/08 8:07:52 PM OEZ;50 - 70 Jahre;Saarlouis;Saarlouis;0;0;2;0;0;0;0;0;3;Schauen;2;2;0;0;2;24;0;2;0;0;Zeigen;6;"3;1;2";bei keinen
;2020/09/08 9:33:38 PM OEZ;50 - 70 Jahre;Saarlouis;Saarlouis;0;0;0;0;0;0;0;0;0;;2;2;0;0;0;0;0;2 ;0;0;;0;2;bei keinen
;2020/09/08 10:16:26 PM OEZ;50 - 70 Jahre;Saarlouis;Saarlouis;0;0;1;0;0;0;0;0;3;schauen,  gucken;2;2;0;0;0;2;0;2;0;0;zeigen;5 ;"3;1";bei keinen
;2020/09/09 5:33:15 PM OEZ;50 - 70 Jahre;Saarlouis;Saarlouis;0;0;2;0;0;0;0;3;10, 19;Schauen;2;2;0;0;0;24;0;2;0;0;;6;"3;1";bei keinen
;2020/09/10 3:38:47 PM OEZ;50 - 70 Jahre;Saarlouis;Saarlouis;0;0;7;0;0;0;0;3;16;schauen, gucken;2;2;0;0;2 ;26;0;2;0;0;zeigen ;5;"1;2";bei keinen
;2020/09/12 10:37:37 PM OEZ;50 - 70 Jahre;Saarlouis;Saarlouis;2;0;0;0;0;0;0;1;2;Schauen;2;1 ;0;0;2 ;1 ;0;2;2;0;;1;"3;1;2";bei keinen
;2020/09/19 9:06:55 PM OEZ;50 - 70 Jahre;Saarlouis;Saarlouis;0;0;12;0;0;0;0;0;2;Gucken;2;2;0;0;0;8, 9;0;2;0;0;Zeigen;6;"3;1;2";bei keinen
;2020/09/07 8:32:50 PM OEZ;70 - 90 Jahre;Saarlouis;Saarlouis;0;0;5;0;0;0;0;1;3;;2;2;0;0;6;8;0;2;0;0;Zeigen;6;"3;1";bei keinen
;2020/09/08 8:22:23 PM OEZ;70 - 90 Jahre;Saarlouis;Saarlouis;0;0;0;0;0;0;12;3;0;Schauen;2;2;0;0;2 ;8;0;2;2;1;Zeigen;5;"3;1";bei keinen
;2020/09/09 9:53:02 AM OEZ;70 - 90 Jahre;Saarlouis;Saarlouis;0;0;0;0;0;0;12;3;0;Schauen;2;2;0;0;2 ;8;0;2;2;1;Zeigen;5;"3;1";bei keinen
;2020/09/09 3:31:29 PM OEZ;70 - 90 Jahre;Saarlouis;Saarlouis;0;0;9;0;0;0;0;0;16;Kucken, sehen;2;21;0;1;0;1;0;2;0;0;zeigen ;5 ;"3;2";bei keinen
;2020/09/18 10:23:27 PM OEZ;70 - 90 Jahre;Saarlouis;Saarlouis;0;0;12;0;0;0;0;3;2;schauen;2;2;0;0;1;4;0;2;2;0;zeigen;20;"3;1;2";bei keinen
;2020/09/11 5:22:32 PM OEZ;über 90 Jahre;Saarlouis;Saarlouis;0;0;0;0;0;0;0;0;3;1;0;10;0;1;1;15;1 ;2;2;0;Etwas zeigen;5, 6;"3;2";bei keinen
;2020/09/09 3:45:04 PM OEZ;jünger als 15 Jahre;Saarlouis;Saarlouis;0;0;0;0;0;0;0;0;0;;0;0;0;0;0;0;0;0;0;0;;0;4;bei keinen
;2020/09/09 3:45:41 PM OEZ;jünger als 15 Jahre;Saarlouis;Saarlouis;0;0;0;0;0;0;0;0;0;gucken;0;0;0;0;0;0;0;2;0;0;;0;"1;2";bei keinen
;2020/09/09 3:46:07 PM OEZ;jünger als 15 Jahre;Saarlouis;Saarlouis;0;0;0;0;0;0;0;0;0;;0;0;0;0;0;0;0;0;0;0;;0;4;bei keinen
;2020/09/15 12:31:40 PM OEZ;jünger als 15 Jahre;Saarlouis;Saarlouis;0;0;5;0;0;0;0;0;2;schauen;2;2;0;0;0;9;0;2;0;0;;5;"1;2";bei keinen
;2020/09/07 11:41:22 AM OEZ;15 - 30 Jahre;Saarlouis;Saarlouis;0;0;0;0;0;0;0;0;2;schauen;2;0;0;0;0;2;0;2;0;0;zeigen;6;"1;2";bei manchen
;2020/09/07 6:52:57 PM OEZ;15 - 30 Jahre;Saarlouis;Saarlouis;1;0;1;1;0;1;0;1;1;1;1;1;0;0;1;1;1;1;0;1;1;1;"3;2";bei manchen
;2020/09/08 6:29:55 PM OEZ;15 - 30 Jahre;Saarlouis;Saarlouis;0;0;0;0;0;0;0;0;1;schauen;0;0;0;0;0;0;0;2;0;0;zeigen;0;1;bei manchen
;2020/09/07 10:44:46 AM OEZ;30 - 50 Jahre;Saarlouis;Saarlouis;0;0;14, 15;0;0;0;0;0;3, 16;Schauen, blicken;2;18;0;0;0;2;0;0;2;0;Zeigen;24;"3;1";bei manchen
;2020/09/07 11:00:27 AM OEZ;30 - 50 Jahre;Saarlouis;Saarlouis;0;0;18;0;0;0;0;0;2;schauen, abwarten;2;2, 6;0;0;2;1;0;2;0;0;;5;"3;1;2";bei manchen
;2020/09/07 4:06:57 PM OEZ;30 - 50 Jahre;Saarlouis;Saarlouis;0;0;1;0;0;0;0;0;1;1 ;1;1;0;0;0;1;0;1;0;0;;1;"3;1";bei manchen
;2020/09/07 4:51:19 PM OEZ;30 - 50 Jahre;Saarlouis;Saarlouis;0;2, 3;0;0;0;3;0;0;1;Schauen;2;19;0;0;2;9;0;2;0;0;Zeigen;6;1;bei manchen
;2020/09/07 5:55:57 PM OEZ;30 - 50 Jahre;Saarlouis;Saarlouis;0;0;2;0;0;4;0;0;16;Kucken, schauen;2;6 ;0;4 ;3;2;4;2 ;2;0;Zeigen;3;"3;1;2";bei manchen
;2020/09/07 11:26:49 PM OEZ;30 - 50 Jahre;Saarlouis;Saarlouis;0;0;5;0;0;0;3;1;1;Schauen, gucken;2;6;0;3;2;8;1;2;0;0;zeigen;3;"3;1;2;Ich lese viel und interessiere mich für das Judentum";bei manchen
;2020/09/08 6:51:44 AM OEZ;30 - 50 Jahre;Saarlouis;Saarlouis;0;0;19;0;0;2;0;0;2, 17;Schauen;2;6;0;0;0;2;0;2;0;0;Etwas zeigen;11;"3;1";bei manchen
;2020/09/08 11:42:26 AM OEZ;30 - 50 Jahre;Saarlouis;Saarlouis;0;0;2;0;0;0;0;0;2, 3;schauen ;2;17;0;0;2;2;0;2 ;0;0;Etwas zeigen;2, 6;"3;1;2";bei manchen
;2020/09/09 3:44:15 PM OEZ;30 - 50 Jahre;Saarlouis;Saarlouis;0;0;7, 9;0;0;5;0;2;2;schauen, hinsehen ;2;2, 3;0;0;2, 4;9, 21;0;2;0;0;zeigen;3, 6, 17;"3;1";bei manchen
;2020/09/12 7:33:13 PM OEZ;30 - 50 Jahre;Saarlouis;Saarlouis;0;0;1;0;0;1;0;0;3;Schauen ;2;8;0;0;0;2;0;2;0;0;;11;"3;1";bei manchen
;2020/09/07 1:07:20 PM OEZ;50 - 70 Jahre;Saarlouis;Saarlouis;0;0;7, 9;0;0;11;0;0;0;Schauen;2;2;0;5;2;4, 8;0;2;0;0;;5;"1;2";bei manchen
;2020/09/07 7:31:59 PM OEZ;50 - 70 Jahre;Saarlouis;Saarlouis;0;0;5;0;0;0;0;0;2;schauen, gucken;2;2;0;0;2;2;0;2;5;0;zeigen;5;"3;2";bei manchen
;2020/09/07 7:42:52 PM OEZ;50 - 70 Jahre;Saarlouis;Saarlouis;0;0;5;0;0;0;0;3;2;Schauen ;2;2;0;0;0;8;0;3;2;0;Zeigen;5, 12;"3;1";bei manchen
;2020/09/07 8:58:03 PM OEZ;50 - 70 Jahre;Saarlouis;Saarlouis;0;0;2, 18;0;0;0;0;0;2;schauen ;2;2;0;0; 2;3;0;2 ;2;0;zeigen ;14;"3;1";bei manchen
;2020/09/07 9:51:20 PM OEZ;50 - 70 Jahre;Saarlouis;Saarlouis;0;0;0;0;0;0;3;0;2;Schauen;2;2;0;0;2 ;9;1;2;0;0;Zeigen;3;"3;1";bei manchen
;2020/09/07 10:27:41 PM OEZ;50 - 70 Jahre;Saarlouis;Saarlouis;2;0;2;0;0;0;0;0;2;sehen ;2;9;0;0;0;2;0;2 ;2;0;zeigen;5 ;"1;2";bei manchen
;2020/09/07 10:33:07 PM OEZ;50 - 70 Jahre;Saarlouis;Saarlouis;0;0;2;0;0;0;0;0;2, 3, 14;Gucken, schauen;2;2;0;0;2;6;0;2;0;0;(vor-)zeigen;18;"3;2;Historische Literatur";bei manchen
;2020/09/07 10:56:29 PM OEZ;50 - 70 Jahre;Saarlouis;Saarlouis;0;0;12;0;0;0;3;0;0;Schauen;2;2;0;3;2;13;0;2;0;0;Zeigen;3, 6;1;bei manchen
;2020/09/08 7:07:38 AM OEZ;50 - 70 Jahre;Saarlouis;Saarlouis;0;0;0;0;0;0;3;0;2;Schauen;2;2;0;0;2 ;9;1;2;0;0;Zeigen;3;"3;1";bei manchen
;2020/09/08 7:48:32 AM OEZ;50 - 70 Jahre;Saarlouis;Saarlouis;0;0;1;0;0;1;9;1;0;Schauen;2;1;0;0;0;1;0;2;0;0;Zeigen;5;1;bei manchen
;2020/09/08 4:46:20 PM OEZ;50 - 70 Jahre;Saarlouis;Saarlouis;1;0;4;0;0;0;0;0;1;Gucken;2;2;0;1 ;4;9, 13;1 ;2 ;2;0;Zeigen ;6;"1;2";bei manchen
;2020/09/08 5:45:09 PM OEZ;50 - 70 Jahre;Saarlouis;Saarlouis;0;0;9;0;0;12;0;0;3;schauen;2;1;0;0;0;1;0;0;0;0;zeigen; 5;"1;2";bei manchen
;2020/09/08 7:09:17 PM OEZ;50 - 70 Jahre;Saarlouis;Saarlouis;0;0;2;0;0;0;0;0;2;schauen ;2;2;0;0; 2;3;0;2;2;0;zeigen ;14;"3;1";bei manchen
;2020/09/08 9:21:58 PM OEZ;50 - 70 Jahre;Saarlouis;Saarlouis;0;0;1;0;0;1;9;1;0;Schauen;2;1;0;0;0;1;0;2;0;0;Zeigen;5;1;bei manchen
;2020/09/09 7:06:11 AM OEZ;50 - 70 Jahre;Saarlouis;Saarlouis;1;0;4;0;0;0;0;0;1;Gucken;2;2;0;1 ;4;9, 13;1 ;2 ;2;0;Zeigen ;6;"1;2";bei manchen
;2020/09/11 1:15:16 PM OEZ;50 - 70 Jahre;Saarlouis;Saarlouis;0;0;5;0;0;0;0;3;2;Schauen ;2;2;0;0;0;8;0;3;2;0;Zeigen;5, 12;"3;1";bei manchen
;2020/09/09 1:06:25 PM OEZ;70 - 90 Jahre;Saarlouis;Saarlouis;0;0;9;0;0;0;20;0;0;Schauen;2;2;0;0;0;23;0;2;0;0;;5;"3;1;2";bei manchen
;2020/09/19 9:16:55 PM OEZ;70 - 90 Jahre;Saarlouis;Saarlouis;0;0;12;0;0;14;0;0;2;Schauen;2;2;0;1;2;6;1;2;2;2;Zeigen;3, 11;"3;1;2";bei manchen
;2020/09/22 12:54:16 AM OEZ;70 - 90 Jahre;Saarlouis;Saarlouis;0;0;1;0;0;13;7;0;0;schauen;2;2;0;0;2;7;0;2;2;3;zeigen;1;"3;1";bei manchen
;2020/09/07 11:46:09 AM OEZ;15 - 30 Jahre;Saarlouis;Saarlouis;0;0;1;0;0;0;0;0;3;schauen ;1;0;0;0;0;0;0;2;0;0;;0;"1;2";bei vielen
;2020/09/07 11:35:34 AM OEZ;50 - 70 Jahre;Saarlouis;Saarlouis;0;0;31;0;0;0;6;0;0;Schauen;2;2;0;3;0;0;0;2;0;0;Zeigen;5 ;"1;2";bei vielen
;2020/09/07 1:37:47 PM OEZ;50 - 70 Jahre;Saarlouis;Saarlouis;0;0;5;0;0;0;0;3;21;Schauen;2;2;0;0;2, 10;3;0;2;4;4;;5;"3;1";bei vielen
;2020/09/07 1:50:20 PM OEZ;50 - 70 Jahre;Saarlouis;Saarlouis;0;0;1;0;0;0;0;0;0;;1;1;0;0;1;1;0;1;0;0;;1;3;bei vielen
;2020/09/07 5:42:29 PM OEZ;50 - 70 Jahre;Saarlouis;Saarlouis;2;0;2;0;0;9;6;3;2;Schauen;2;2;2;0;2;11, 23;0;2;2;3;;3, 6;"3;1;2";bei vielen
;2020/09/07 7:13:05 PM OEZ;50 - 70 Jahre;Saarlouis;Saarlouis;0;0;31;0;0;0;6;0;0;Schauen;2;2;0;3;0;0;0;2;0;0;Zeigen;5 ;"1;2";bei vielen
;2020/09/07 7:39:05 PM OEZ;50 - 70 Jahre;Saarlouis;Saarlouis;0;0;5;0;0;0;3;3;2;Schauen;2;2;0;3;2;8;0;2;2;2;;3;"3;1;2";bei vielen
;2020/09/07 10:00:19 PM OEZ;50 - 70 Jahre;Saarlouis;Saarlouis;0;0;2;0;0;0;3, 8;3;2;schauen ;2;2, 17;0;3, 12;2 ;8;0;2, 3;2;0;zeigen (Jiddisch?);3, 6;"3;1;2";bei vielen
;2020/09/07 11:14:51 PM OEZ;50 - 70 Jahre;Saarlouis;Saarlouis;0;0;1;0;0;1;1;0;1;1;1;1;1;0;1;1;0;1;1;1;1;1;"1;2";bei vielen
;2020/09/09 11:30:52 AM OEZ;50 - 70 Jahre;Saarlouis;Saarlouis;0;0;1;0;0;10;1;0;3;Schauen;2;17;0;0;0;1;0;2;0;0;Zeigen;5;"3;1";bei vielen
;2020/09/09 3:35:59 PM OEZ;50 - 70 Jahre;Saarlouis;Saarlouis;0;0;1;0;0;0;0;0;2;schauen;2;17;0;0; 2;6;0;2;0;0;1;6;1;bei vielen
;2020/09/07 5:13:20 PM OEZ;70 - 90 Jahre;Saarlouis;Saarlouis;0;0;5;0;2;0;11;3;0;schauen;2;2;0;6;1;8;0;2;2;0;zeigen;3, 5;"3;Von Jugend an Zum Beispiel ist ein Lehrer ein Dookesmagaiker";bei vielen
;2020/09/08 9:31:29 AM OEZ;70 - 90 Jahre;Saarlouis;Saarlouis;2;3, 7;5;2;3, 4;14;6;3;2;Schauen ;2;2;2;11;2;8;1;2;2;2;Zeigen;3 ;"3;1;Im Dorf gesprochen";bei vielen
;2020/09/08 11:21:27 AM OEZ;70 - 90 Jahre;Saarlouis;Saarlouis;0;4;10;0;0;15;6, 8;0;11;Gucken;2;6, 17;2;0;0;10;0;2;0;0;;5;1;bei vielen
;2020/09/09 4:03:01 PM OEZ;70 - 90 Jahre;Saarlouis;Saarlouis;0;0;1;0;0;0;3;0;2;Schauen;2;2;0;3;2;8;0;3;2;0;;3;"3;1;2";bei vielen
;2020/09/15 12:05:33 PM OEZ;70 - 90 Jahre;Saarlouis;Saarlouis;0;0;21;0;0;0;0;0;0;(hin)schauen;2;2;0;0;2;6;0;2;0;0;;3;1;bei vielen
;2020/09/22 10:21:22 AM OEZ;70 - 90 Jahre;Saarlouis;Saarlouis;2, 3;0;5;0;5;5;3;3;2;schauen;2;2;0;0;2, 4;8;0;2;2;2;zeigen;3, 5;"3;1;2";bei vielen
;2020/09/22 10:19:05 AM OEZ;über 90 Jahre;Saarlouis;Saarlouis;2, 3;0;5, 7, 9;0;5;5;14;3, 5;2, 3;schauen;2;2;0;0;2, 4;8;4;2;2;2;zeigen;3, 5;"3;1;2";bei vielen
;2020/09/07 12:30:13 PM OEZ;15 - 30 Jahre;Saarlouis;Saarlouis;0;0;0;0;0;0;0;0;0;1 ;0;0;0;0;0;0;0;1 ;0;0;;0;3;bei wenigen
;2020/09/07 12:33:11 PM OEZ;15 - 30 Jahre;Saarlouis;Saarlouis;0;0;0;0;0;0;0;0;1;;0;0;0;0;1;0;0;2 ;0;0;1;1;"3;1";bei wenigen
;2020/09/07 12:34:44 PM OEZ;15 - 30 Jahre;Saarlouis;Saarlouis;0;0;0;1 ;0;0;0;0;0;1 ;1 ;0;0;0;0;1 ;0;1 ;0;0;1 ;0;"1;2";bei wenigen
;2020/09/07 12:52:43 PM OEZ;15 - 30 Jahre;Saarlouis;Saarlouis;0;0;0;0;0;1;0;0;3;schauen, gucken;2;1;0;0;0;2;1;2;0;0;zeigen;5, 6;"3;1;2";bei wenigen
;2020/09/07 1:33:45 PM OEZ;15 - 30 Jahre;Saarlouis;Saarlouis;0;0;0;0;0;0;0;0;0;;0;0;0;0;0;0;0;1;0;0;;1;1;bei wenigen
;2020/09/07 4:30:18 PM OEZ;15 - 30 Jahre;Saarlouis;Saarlouis;0;0;0;0;0;0;0;0;0;schauen/gucken ;2;0;0;0;0;0;0;2;0;0;;3;"3;1";bei wenigen
;2020/09/07 4:58:40 PM OEZ;15 - 30 Jahre;Saarlouis;Saarlouis;0;0;1;0;0;0;0;0;1;Schauen;1;0;0;0;0;1;0;2;0;0;Jmd etwas zeigen;1;"3;1;2";bei wenigen
;2020/09/07 5:09:31 PM OEZ;15 - 30 Jahre;Saarlouis;Saarlouis;0;0;0;0;0;0;0;1;1;1;1;1;0;0;0;1;0;1;0;0;;0;"3;1;2";bei wenigen
;2020/09/07 7:55:27 PM OEZ;15 - 30 Jahre;Saarlouis;Saarlouis;0;0;8;0;0;0;0;0;0;Schauen;1;1;0;0;0;1;0;2;0;0;Zeigen;0;"1;2";bei wenigen
;2020/09/07 9:31:23 PM OEZ;15 - 30 Jahre;Saarlouis;Saarlouis;0;0;1;0;0;0;0;0;1;schauen;3;0;0;0;1;0;0;2;0;0;1;15;"3;1;2";bei wenigen
;2020/09/08 11:19:18 AM OEZ;15 - 30 Jahre;Saarlouis;Saarlouis;0;0;0;0;0;0;0;0;0;;0;0;0;0;0;0;0;1;0;0;;1;1;bei wenigen
;2020/09/08 4:16:11 PM OEZ;15 - 30 Jahre;Saarlouis;Saarlouis;0;0;0;0;0;0;0;0;3;schauen;2;0;0;0;0;0;0;2;0;0;zeigen;6;"1;2";bei wenigen
;2020/09/08 5:38:14 PM OEZ;15 - 30 Jahre;Saarlouis;Saarlouis;0;0;17;0;0;0;4;0;0;Schauen ;2;0;0;0;0;2;0;2;0;0;Zeigen;4, 24;"3;1";bei wenigen
;2020/09/09 7:02:01 PM OEZ;15 - 30 Jahre;Saarlouis;Saarlouis;0;0;1;0;0;0;0;0;0;schauen;2;1;0;0;0;1;0;2;0;0;;1;"1;2";bei wenigen
;2020/09/07 12:03:21 PM OEZ;30 - 50 Jahre;Saarlouis;Saarlouis;0;0;1 ;0;0;0;0;0;1 ;1 ;1 ;1 ;0;0;0;1 ;0;1 ;0;0;1 ;1 ;1;bei wenigen
;2020/09/07 1:17:26 PM OEZ;30 - 50 Jahre;Saarlouis;Saarlouis;0;0;16;0;0;0;0;0;2;schauen;2;2;0;0;2;2 ;0;2 ;0;0;;12;"3;1;2";bei wenigen
;2020/09/07 1:33:04 PM OEZ;30 - 50 Jahre;Saarlouis;Saarlouis;0;0;1;0;0;0;0;0;1;1;1;1;0;0;1;1;0;1;2;0;1;1;"3;1;2";bei wenigen
;2020/09/07 1:55:08 PM OEZ;30 - 50 Jahre;Saarlouis;Saarlouis;0;0;2;0;0;0;0;0;0;;2;2;0;0;0;1;0;2;0;0;;3;"3;1";bei wenigen
;2020/09/07 5:44:18 PM OEZ;30 - 50 Jahre;Saarlouis;Saarlouis;0;0;20;0;0;0;0;0;22;schauen;2;2;0;0;2;8;0;2;0;0;zeigen;3;"3;1";bei wenigen
;2020/09/07 9:05:49 PM OEZ;30 - 50 Jahre;Saarlouis;Saarlouis;0;0;9, 11;0;0;0;0;0;0;sehen, schauen;2;17;0;0;2;2, 7;0;2;0;0;;6;"3;1";bei wenigen
;2020/09/08 7:05:21 AM OEZ;30 - 50 Jahre;Saarlouis;Saarlouis;0;0;11;0;0;0;0;1;2;Schauen;2;12 ;0;0;2 ;2;0;2 ;0;0;;4, 11;"3;1;2";bei wenigen
;2020/09/08 11:37:12 AM OEZ;30 - 50 Jahre;Saarlouis;Saarlouis;0;0;1;0;0;0;0;0;0;schauen;2;17;0;0;2;2;5;2;0;0;;3;"3;1";bei wenigen
;2020/09/09 11:03:49 AM OEZ;30 - 50 Jahre;Saarlouis;Saarlouis;0;0;0;0;0;0;0;0;1;Sehen/ schauen;2;1;0;0;0;1;0;2;2;0;;8;"3;1";bei wenigen
;2020/09/09 3:03:36 PM OEZ;30 - 50 Jahre;Saarlouis;Saarlouis;0;0;5, 31;0;0;0;0;0;16;Schauen;2;17;0;0;0;8;0;2;0;0;Zeigen;3, 6;1;bei wenigen
;2020/09/07 12:06:12 PM OEZ;50 - 70 Jahre;Saarlouis;Saarlouis;0;0;1;0;0;0;0;1;1;;2;2;0;0;0;1;0;1;0;0;;5;"3;2";bei wenigen
;2020/09/09 7:17:55 PM OEZ;50 - 70 Jahre;Saarlouis;Saarlouis;0;0;1;0;0;0;0;4;2;schauen ;2;2;0;2;2;9;1;2 ;0;0;;3, 5, 7;"3;1";bei wenigen
;2020/09/09 10:05:55 PM OEZ;50 - 70 Jahre;Saarlouis;Saarlouis;0;0;1;0;0;0;0;0;2;Sehen;2;2;0;0;0;25;0;2 ;0;0;Zeigen;6;"3;1;2";bei wenigen
;2020/09/07 10:53:39 AM OEZ;50 - 70 Jahre;Saarlouis;Saarlouis;0;0;2, 12;0;0;7, 8;6, 7;2;2;Schauen / gucken;2;2;3;0;2;10, 15;0;2;2;3;Zeigen;5;"3;1;2";bei allen
;2020/09/07 11:44:26 AM OEZ;50 - 70 Jahre;Saarlouis;Saarlouis;2;0;5;1;0;9;6;3;2;schauen, gucken;2;2;2;0;2;10;0;2;2;2;;5;"1;2";bei allen
;2020/09/07 9:45:11 PM OEZ;50 - 70 Jahre;Saarlouis;Saarlouis;0;0;11;0;0;9;6;2;2;Schauen;2;2;4;0;0;23;0;2;2;3;;3;"3;1";bei allen
;2020/09/07 9:48:24 PM OEZ;50 - 70 Jahre;Saarlouis;Saarlouis;0;0;5;0;0;0;0;3;16;;2;2;0;0; 2;6;0;2;0;0;;6;1;bei allen
;2020/09/07 9:17:42 PM OEZ;70 - 90 Jahre;Saarlouis;Saarlouis;2;0;2, 5;0;0;0;7;3;17;gucken;2;2;0;0;4;8;0;2;6;0;;3;"3;1;2;im Deiffler-Platt bzw Nolbacher-Platt waren diese Wörter alltäglich Aber das Moselfränkische stirbt immer mehr aus Wie gesagt, in meiner Jugend in den 50ern waren sie alltäglich bes in Nalbach Hier gab es die meisten Juden Wir in Diefflen haben nur den Judenfriedhof der eigentlich zu Dillingen gehört und in Nalbach war die Synagoge und auch die Abtransport Stelle in der unheilvollen Nazi-Zeit";bei allen
;2020/09/14 11:30:47 AM OEZ;70 - 90 Jahre;Saarlouis;Saarlouis;2;0;5;2;0;9;13;3;6;;2;17;2;0;2;10;3;2;2;2;;5, 6;Nalbacher Kneipenkultur;bei allen
Merzig;;;;;;;;;;;;;;;;;;;;;;;;;;;;
;2020/09/07 2:27:11 PM OEZ;15 - 30 Jahre;Merzig;Saarlouis;0;0;0;0;0;0;0;0;1;1 ;1 ;0;0;0;0;1 ;0;0;0;0;;1 ;1;bei keinen
;2020/09/07 1:07:50 PM OEZ;30 - 50 Jahre;Merzig;Saarlouis;0;0;3;0;0;0;0;0;1;Gucken/ sehen ;2;8;0;0;2 ;2;0;2 ;0;0;;12;"3;1;2";bei keinen
;2020/09/09 3:46:21 PM OEZ;30 - 50 Jahre;Merzig;Saarlouis;0;0;3;0;0;0;0;0;1;Gucken/ sehen ;2;8;0;0;2 ;2;0;2 ;0;0;;12;"3;1;2";bei keinen
;2020/09/10 8:48:14 AM OEZ;30 - 50 Jahre;Merzig;Saarlouis;0;0;3;0;0;0;0;0;1;Gucken/ sehen ;2;8;0;0;2 ;2;0;2 ;0;0;;12;"3;1;2";bei keinen
;2020/09/08 8:41:54 AM OEZ;50 - 70 Jahre;Merzig;Saarlouis;0;0;5;0;0;0;0;3;16;Schauen ;2;2;0;0;0;8;0;2;0;0;Zeigen;6;"3;2";bei keinen
;2020/09/09 2:55:09 PM OEZ;50 - 70 Jahre;Merzig;Saarlouis;0;0;5;0;0;0;0;3;16;Schauen ;2;2;0;0;0;8;0;2;0;0;Zeigen;6;"3;2";bei keinen
;2020/09/09 7:21:01 AM OEZ;50 - 70 Jahre;Merzig;Saarlouis;0;0;9, 11;0;0;0;0;0;16;Schauen;2;2;0;0;0;11;0;2;0;0;;5;"3;1";bei manchen
;2020/09/09 1:16:51 PM OEZ;30 - 50 Jahre;Merzig;Saarlouis;0;0;2;0;0;0;5;1;2;schauen;2;2;0;0; 2;3;0;3;0;0;zeigen;5;"3;2";bei vielen
;2020/09/13 2:16:48 PM OEZ;70 - 90 Jahre;Merzig;Saarlouis;2;3;5;2;4;16;6;3;2;schauen;2;2;2 ;11, 12;2 ;8;7;2 ;2;2;zeigen;3, 6;"3;1";bei vielen
;2020/09/07 11:16:29 AM OEZ;30 - 50 Jahre;Merzig;Saarlouis;0;0;5;0;0;0;0;0;2, 3;schauen;2;2;0;0;0;7;6;2;0;0;zeigen;3;"1;2";bei wenigen
kein moselfränkisches Sprachgebiet;;;;;;;;;;;;;;;;;;;;;;;;;;;;
;2020/09/07 11:56:01 AM OEZ;15 - 30 Jahre;kein moselfränkisches Sprachgebiet;Saarlouis;0;0;5;0;0;0;0;0;2;schauen, sehen;2;17;0;1;0;0;0;2;0;0;;11;"3;1;2";bei keinen
;2020/09/07 12:38:08 PM OEZ;15 - 30 Jahre;kein moselfränkisches Sprachgebiet;Saarlouis;0;0;0;0;0;1;0;0;1;Gucken, schauen;0;0;0;0;1;0;1;2;0;0;Zeigen;6;"3;1;2";bei keinen
;2020/09/07 1:32:45 PM OEZ;15 - 30 Jahre;kein moselfränkisches Sprachgebiet;Saarlouis;0;0;0;0;0;0;0;0;1;;0;0;0;0;0;0;1;1;0;0;;1;"1;2";bei keinen
;2020/09/07 1:57:14 PM OEZ;15 - 30 Jahre;kein moselfränkisches Sprachgebiet;Saarlouis;0;0;6;0;0;0;0;0;0;schauen;2;4;0;0;0;4;1;2;0;0;zeigen ;14;"3;1;2";bei keinen
;2020/09/08 6:18:38 AM OEZ;15 - 30 Jahre;kein moselfränkisches Sprachgebiet;Saarlouis;0;1;1;0;0;2;0;0;16;Sehen;2;5;0;0;2;1;0;2;0;0;;5, 6;"3;1;2";bei keinen
;2020/09/10 12:36:05 PM OEZ;30 - 50 Jahre;kein moselfränkisches Sprachgebiet;Saarlouis;0;0;2;0;0;0;0;0;3;Gucken, schauen;2;12;0;0;2 ;7, 8;0;2;2;0;;5;"3;1";bei keinen
;2020/09/07 3:40:58 PM OEZ;15 - 30 Jahre;kein moselfränkisches Sprachgebiet;Saarlouis;0;0;5;0;0;0;0;0;2;Schauen/ anschauen ;2;1 ;0;0;1 ;2 ;0;2;2;0;Zeigen;13;"3;1";bei manchen
;2020/09/07 9:25:25 PM OEZ;15 - 30 Jahre;kein moselfränkisches Sprachgebiet;Saarlouis;0;0;0;0;0;1;0;0;1;1;1;1;0;0;1;0;0;1;0;0;1;1;"3;1";bei manchen
;2020/09/07 6:40:30 PM OEZ;30 - 50 Jahre;kein moselfränkisches Sprachgebiet;Saarlouis;0;0;5;0;0;0;0;0;0;schauen;2;17;0;0; 2;8;0;2;0;0;;11;"3;1";bei manchen
;2020/09/07 2:19:25 PM OEZ;30 - 50 Jahre;kein moselfränkisches Sprachgebiet;Saarlouis;0;0;2;0;0;6;0;0;9;schauen ;2;1;0;0;0;0;0;2 ;0;0;zeigen;12;"3;1";bei vielen
;2020/09/09 8:44:53 PM OEZ;50 - 70 Jahre;kein moselfränkisches Sprachgebiet;Saarlouis;0;0;5;0;0;0;3;4;2;hinsehen;2;2;0;0;2;12, 26;0;2;0;0;zeigen;6, 12;1;bei vielen
;2020/09/08 11:42:25 AM OEZ;30 - 50 Jahre;kein moselfränkisches Sprachgebiet;Saarlouis;0;0;1;0;0;0;0;0;2;schauen;2;2, 17;0;0;2;2;1;2;0;0;Zeigen;6;"1;2";bei wenigen
;2020/09/08 1:29:14 PM OEZ;30 - 50 Jahre;kein moselfränkisches Sprachgebiet;Saarlouis;0;0;1;0;0;0;0;0;2;schauen;2;2, 17;0;0;2;2;1;2;0;0;Zeigen;6;"1;2";bei wenigen
;2020/09/08 8:51:58 PM OEZ;30 - 50 Jahre;kein moselfränkisches Sprachgebiet;Saarlouis;0;0;2;0;0;0;3;0;1;Schauen ;2;2;0;1;2;2, 5;0;2;0;0;Zeigen;3, 5, 6;"3;1";bei wenigen
anderes moselfränkisches Sprachgebiet;;;;;;;;;;;;;;;;;;;;;;;;;;;;
;2020/09/07 1:04:21 PM OEZ;15 - 30 Jahre;anderes moselfränkisches Sprachgebiet;Saarlouis;0;0;0;0;0;0;0;0;2;Schauen/Gucken;2;6;0;0;3;2;0;2;0;0;;0;"3;1;2";bei keinen
Trier;;;;;;;;;;;;;;;;;;;;;;;;;;;;
;2020/09/07 1:07:01 PM OEZ;15 - 30 Jahre;Trier;Saarlouis;0;0;7, 9;0;0;0;0;0;5;schauen/gucken ;0;0;0;0;2;0;0;2 ;0;0;zeigen;3, 6;"1;2";bei manchen
;2020/09/09 8:25:44 PM OEZ;15 - 30 Jahre;Trier;Saarlouis;2;2;5;2;2;0;3;3;2, 6, 7;schauen ;2;2 ;2 ;3 ;2;5;3;2 ;2;2;zeigen ;3;"1;Germanistikstudium";bei vielen
;2020/09/07 2:00:31 PM OEZ;30 - 50 Jahre;Trier;Saarlouis;0;0;2;0;0;0;3;3;2;schauen;2;2, 6;0;0;2;8, 22;1;2;2, 3;0;zeigen;3;"3;1;2";bei vielen
;2020/09/14 6:17:17 PM OEZ;50 - 70 Jahre;Trier;Saarlouis;0;0;1;0;0;0;0;0;2;schauen, gucken;2;2, 6;0;3;0;24;0;2;0;0;;11;"3;1;2";bei allen
Wittlich;;;;;;;;;;;;;;;;;;;;;;;;;;;;
;2020/09/12 2:04:18 AM OEZ;30 - 50 Jahre;Wittlich;Saarlouis;0;0;1;0;0;0;0;0;2;Schauen, gucken;2;2;0;0;2;2;0;2;0;0;;1;"3;1";bei keinen
;2020/09/08 9:56:42 AM OEZ;über 90 Jahre;Wittlich;Saarlouis;2;3;5;2;4;9;21;3;2;Hinsehen, schauen;2;2;2;8, 11;2;8;7;2;2;2;Zeigen;7;"3;1";bei vielen
Koblenz;;;;;;;;;;;;;;;;;;;;;;;;;;;;
;2020/09/07 12:55:21 PM OEZ;15 - 30 Jahre;Koblenz;Saarlouis;0;0;0;0;0;0;0;0;0;;2;0;0;0;0;0;0;2;0;0;;5 ;1;bei keinen
;2020/09/07 2:39:16 PM OEZ;15 - 30 Jahre;Koblenz;Saarlouis;0;0;0;0;0;0;0;0;0;;2;0;0;0;0;0;0;2;0;0;;5 ;1;bei keinen
;2020/09/13 7:59:38 PM OEZ;30 - 50 Jahre;Koblenz;Saarlouis;0;0;2;0;0;0;0;0;8, 16;Gucken/schauen;2;2;0;0;2;2, 22;0;2;0;0;Zeigen;6, 14;"3;1;2";bei manchen
kein moselfränkisches Sprachgebiet;;;;;;;;;;;;;;;;;;;;;;;;;;;;
Saarlouis;;;;;;;;;;;;;;;;;;;;;;;;;;;;
;2020/09/07 12:13:32 PM OEZ;30 - 50 Jahre;Saarlouis;kein moselfränkisches Sprachgebiet;0;0;0;0;0;0;0;0;0;;2;2;0;0;2 ;0;0;2;0;0;Erklären ;3 ;"1;2";bei keinen
;2020/09/08 10:13:05 AM OEZ;50 - 70 Jahre;Saarlouis;kein moselfränkisches Sprachgebiet;0;0;1;0;0;0;0;0;3;Sehen, schauen;2;0;0;0;2;0;0;2;0;0;;0;2;bei keinen
;2020/09/07 1:01:49 PM OEZ;50 - 70 Jahre;Saarlouis;kein moselfränkisches Sprachgebiet;0;0;24;0;0;0;0;0;16;Schauen;2;2;0;0;2;9;0;2;0;0;Zeigen;5, 6;"3;1";bei manchen
;2020/09/07 2:08:04 PM OEZ;50 - 70 Jahre;Saarlouis;kein moselfränkisches Sprachgebiet;0;6;0;4;0;18;3;7;8;Schauen;2;18;6 ;0;3;2;10;2;0;6;Wissen;6;"1;2;Abgeleitet";bei manchen
;2020/09/07 3:37:44 PM OEZ;50 - 70 Jahre;Saarlouis;kein moselfränkisches Sprachgebiet;0;0;2;0;0;0;22;0;2;gucken;2;2;0;0;2;2;0;2;0;0;zeigen;3;"3;2";bei manchen
;2020/09/08 9:56:47 PM OEZ;50 - 70 Jahre;Saarlouis;kein moselfränkisches Sprachgebiet;0;0;5;0;0;0;22;0;2, 3, 13;Schauen;2;2, 17;0;0;2;7, 13;0;2;2;0;Zeigen;5, 7;"1;2";bei manchen
;2020/09/13 3:25:43 PM OEZ;über 90 Jahre;Saarlouis;kein moselfränkisches Sprachgebiet;2;3;5;0;3;9, 14;6;1;2;Sehen, schauen;2;2;2;8, 12; 2;2;0;2;2;2;zeigen;3, 7;"1;2";bei manchen
;2020/09/07 10:54:13 AM OEZ;15 - 30 Jahre;Saarlouis;kein moselfränkisches Sprachgebiet;0;0;5;0;0;0;14;0;2;;2;6;0;0;0;0;0;2;0;0;;4;1;bei vielen
;2020/09/08 11:20:20 PM OEZ;30 - 50 Jahre;Saarlouis;kein moselfränkisches Sprachgebiet;1;0;5;0;0;0;3;0;2;Gucken;2;2, 6;0;3;2;8;0;2;0;0;Zeigen;3;"3;1;2";bei vielen
;2020/09/07 2:55:05 PM OEZ;50 - 70 Jahre;Saarlouis;kein moselfränkisches Sprachgebiet;0;0;9;0;0;19;6;1;2, 19;Schauen;2;2;0;1;2;27;0;2;2;0;;6;"3;1;2";bei vielen
;2020/09/08 11:12:03 PM OEZ;50 - 70 Jahre;Saarlouis;kein moselfränkisches Sprachgebiet;0;1;2;0;0;0;0;0;3;Schauen;2;2;0;0;2;8;0;2;0;0;Zeigen;6;"3;1;2";bei wenigen
Merzig;;;;;;;;;;;;;;;;;;;;;;;;;;;;
;2020/09/07 7:06:07 PM OEZ;50 - 70 Jahre;Merzig;kein moselfränkisches Sprachgebiet;0;0;11;0;0;0;0;0;3;Schauen;2;2;0;0;0;24;0;2;0;0;Zeigen;6, 19;"3;1;2";bei keinen
kein moselfränkisches Sprachgebiet;;;;;;;;;;;;;;;;;;;;;;;;;;;;
;2020/09/07 11:55:55 AM OEZ;15 - 30 Jahre;kein moselfränkisches Sprachgebiet;kein moselfränkisches Sprachgebiet;0;0;0;0;0;0;0;0;17;;0;0;0;0;0;0;0;2;0;0;;22;"1;2";bei keinen
;2020/09/07 3:45:46 PM OEZ;30 - 50 Jahre;kein moselfränkisches Sprachgebiet;kein moselfränkisches Sprachgebiet;0;0;14;0;0;0;0;0;3;gucken;2;2;0;0;0;8;0;2;0;0;den Weg weisen?;0;"3;1;2";bei keinen
;2020/09/07 6:49:54 PM OEZ;30 - 50 Jahre;kein moselfränkisches Sprachgebiet;kein moselfränkisches Sprachgebiet;0;0;1;0;0;0;0;0;1;1;1;1;0;0;1;1;0;1;0;0;;0;1;bei keinen
;2020/09/07 10:58:13 PM OEZ;30 - 50 Jahre;kein moselfränkisches Sprachgebiet;kein moselfränkisches Sprachgebiet;0;0;0;0;0;1;0;0;1;1;1;0;0;0;0;1;0;1;0;0;;1;"3;1";bei keinen
;2020/09/07 8:20:14 PM OEZ;50 - 70 Jahre;kein moselfränkisches Sprachgebiet;kein moselfränkisches Sprachgebiet;0;0;1;0;0;0;0;0;2;Schauen;2;16;0;0;0;1;0;2 ;0;0;;5;"3;1;2";bei keinen
;2020/09/10 9:47:58 AM OEZ;15 - 30 Jahre;kein moselfränkisches Sprachgebiet;kein moselfränkisches Sprachgebiet;0;0;1;0;0;0;0;0;1;;1;0;0;0;0;1;0;1;0;0;;0;"3;1;2";bei manchen
;2020/09/07 6:24:27 PM OEZ;30 - 50 Jahre;kein moselfränkisches Sprachgebiet;kein moselfränkisches Sprachgebiet;0;0;12;0;0;0;3;0;0;;2;17;0;0;0;8;0;2;0;0;;0;"3;2";bei manchen
;2020/09/14 9:23:26 PM OEZ;30 - 50 Jahre;kein moselfränkisches Sprachgebiet;kein moselfränkisches Sprachgebiet;0;0;5, 18;0;0;0;1;0;2;schauen;2;2;0;0;2;8;0;2;0;0;;5;"3;1";bei manchen
;2020/09/08 3:33:41 PM OEZ;50 - 70 Jahre;kein moselfränkisches Sprachgebiet;kein moselfränkisches Sprachgebiet;0;0;6;0;0;0;3;8;3;Schauen;2;6;0;1;2;14;1;2;2;2, 7;;9;3;bei vielen
;2020/09/18 10:34:59 PM OEZ;50 - 70 Jahre;kein moselfränkisches Sprachgebiet;kein moselfränkisches Sprachgebiet;0;0;5;0;0;0;0;0;0;Schauen;2;2;0;0;0;0;0;2;0;0;;23;"3;1;2";bei vielen
;2020/09/07 3:25:39 PM OEZ;15 - 30 Jahre;kein moselfränkisches Sprachgebiet;kein moselfränkisches Sprachgebiet;0;0;0;0;0;0;0;0;16;schauen;2;2;0;0;0;2;0;2;0;0;;3;3;bei wenigen
;2020/09/08 1:02:18 AM OEZ;30 - 50 Jahre;kein moselfränkisches Sprachgebiet;kein moselfränkisches Sprachgebiet;0;0;2;2;0;0;3;0;2, 3;schauen;2;2, 6;0;7;2;2;0;2;0;0;zeigen;0;2;bei wenigen
;2020/09/08 1:41:23 PM OEZ;30 - 50 Jahre;kein moselfränkisches Sprachgebiet;kein moselfränkisches Sprachgebiet;0;0;18;0;0;0;0;0;16;Schauen;2;2;0;0;0;8;0;2;0;0;;3;3;bei wenigen
;2020/09/09 10:06:21 PM OEZ;30 - 50 Jahre;kein moselfränkisches Sprachgebiet;kein moselfränkisches Sprachgebiet;0;0;1;0;0;0;0;0;0;Schauen;2;6;0;0;0;24;0;2;0;0;zeigen;4;"3;1;2";bei wenigen
;2020/09/14 8:53:24 PM OEZ;50 - 70 Jahre;kein moselfränkisches Sprachgebiet;kein moselfränkisches Sprachgebiet;0;0;14;0;0;0;3;0;3;Schauen, sehen;2;2 ;0;0;2;2;0;2;0;1;;0;"3;2";bei allen
;2020/09/14 9:10:19 PM OEZ;50 - 70 Jahre;kein moselfränkisches Sprachgebiet;kein moselfränkisches Sprachgebiet;2;0;5;0;2;0;22;3;2;;2;2;0;0;2;23;18;2;0;2;etwas zeigen;3;"3;Kenne noch viel mehr aus Metzgerei u Viehandel";bei allen
Wittlich;;;;;;;;;;;;;;;;;;;;;;;;;;;;
;2020/09/11 6:15:43 PM OEZ;15 - 30 Jahre;Wittlich;kein moselfränkisches Sprachgebiet;0;0;2;0;0;0;0;2;2;Lungern ;2;0;0;0;3;5;0;2 ;0;0;;0;2;bei keinen
;2020/09/11 6:06:34 PM OEZ;30 - 50 Jahre;Wittlich;kein moselfränkisches Sprachgebiet;0;0;1;0;0;0;0;0;2;;2;0;0;0;0;2, 28;0;2;0;0;;0;"3;1";bei keinen
;2020/09/13 6:18:44 PM OEZ;30 - 50 Jahre;Wittlich;kein moselfränkisches Sprachgebiet;0;0;0;0;0;0;0;0;0;;0;0;0;0;0;0;0;0;0;0;;0;2;bei keinen
;2020/09/14 10:10:20 PM OEZ;30 - 50 Jahre;Wittlich;kein moselfränkisches Sprachgebiet;0;0;0;0;0;1;0;1;1;;1 ;1 ;0;0;0;1 ;1 ;1 ;0;0;1 ;1 ;"3;1";bei keinen
;2020/09/12 11:15:38 AM OEZ;50 - 70 Jahre;Wittlich;kein moselfränkisches Sprachgebiet;0;0;1;0;0;0;0;0;1 ;1 ;1 ;1 ;0;0;1 ;1 ;0;1 ;0;0;1 ;1 ;"3;1";bei keinen
;2020/09/13 8:17:28 AM OEZ;50 - 70 Jahre;Wittlich;kein moselfränkisches Sprachgebiet;0;0;12;0;0;0;0;0;0;;2;2;0;0;0;4, 8;0;2;0;0;;1;"1;teilweise aus Sachsen-Anhalt bekannt";bei keinen
;2020/09/12 6:45:30 AM OEZ;50 - 70 Jahre;Wittlich;kein moselfränkisches Sprachgebiet;0;0;1;0;0;0;1;0;2;Schauen;2;2;0;0;2;2;0;2;0;0;;1;3;bei manchen
;2020/09/11 10:46:25 PM OEZ;30 - 50 Jahre;Wittlich;kein moselfränkisches Sprachgebiet;0;0;9;0;0;0;0;0;2;schauen ;2;17;0;0;2;0;0;2;0;0;etwas zeigen;6;"3;1";bei wenigen
;2020/09/12 8:37:18 AM OEZ;30 - 50 Jahre;Wittlich;kein moselfränkisches Sprachgebiet;0;0;1;1;0;0;0;0;1;1;1;1;1;1;1;1;1;1;0;0;1;1;"3;1;2";bei wenigen
;2020/09/12 8:47:02 PM OEZ;50 - 70 Jahre;Wittlich;kein moselfränkisches Sprachgebiet;0;0;1;0;0;0;0;0;16;;2;2;0;0;2;8;0;2;0;0;Zeigen;0;"3;1";bei wenigen
Trier;;;;;;;;;;;;;;;;;;;;;;;;;;;;
;2020/09/07 5:22:11 PM OEZ;15 - 30 Jahre;Trier;kein moselfränkisches Sprachgebiet;0;0;1;0;0;0;0;0;1;1;2;1;0;0;0;1;0;1;0;0;;0;"3;1";bei keinen
;2020/09/11 2:06:25 AM OEZ;15 - 30 Jahre;Trier;kein moselfränkisches Sprachgebiet;0;0;0;0;0;0;0;0;16;Schauen;2;0;0;0;0;2;9;2;0;0;;6;"3;1";bei keinen
;2020/09/07 4:12:37 PM OEZ;15 - 30 Jahre;Trier;kein moselfränkisches Sprachgebiet;0;0;2;0;0;0;0;0;2;Gucken;2;6;0;0;2;0;0;2;0;0;;0;"3;1;2";bei manchen
;2020/09/08 12:37:59 PM OEZ;50 - 70 Jahre;Trier;kein moselfränkisches Sprachgebiet;0;0;1;0;0;0;0;1;1;;1;1;0;0;1;1;0;1;0;0;;1;"3;1;2";bei manchen
;2020/09/07 1:53:46 PM OEZ;15 - 30 Jahre;Trier;kein moselfränkisches Sprachgebiet;0;0;2;0;0;0;0;0;2;;2;6;0;0;2;2;0;2;0;0;;3;"3;1";bei vielen
;2020/09/07 2:56:14 PM OEZ;30 - 50 Jahre;Trier;kein moselfränkisches Sprachgebiet;0;0;5;0;0;0;0;0;2;;2;2;0;0;0;8;0;2;0;0;;0;3;bei vielen
;2020/09/08 12:02:31 AM OEZ;30 - 50 Jahre;Trier;kein moselfränkisches Sprachgebiet;0;0;2;0;0;1;3;1;16;Hervorschauen ;2;2 ;0;3, 8;2 ;2, 9;1;2;0;0;;3 ;"1;Aus Büchern";bei vielen
;2020/09/09 4:26:07 AM OEZ;50 - 70 Jahre;Trier;kein moselfränkisches Sprachgebiet;0;0;0;0;0;19;3, 11;0;2;verstohlen gucken;2;2;0;3, 7;2;29;0;2;0;0;zeigen;6;"3;1;Krimis, die im jüdisch-orthodoxen Millieu spielen ";bei vielen
;2020/09/09 5:05:05 PM OEZ;50 - 70 Jahre;Trier;kein moselfränkisches Sprachgebiet;0;0;2;0;0;0;0;2;2;Schauen ;2;2;0;0;2;8;0;2 ;0;6;Zeigen ;3, 16;3;bei vielen
;2020/09/08 7:32:33 PM OEZ;15 - 30 Jahre;Trier;kein moselfränkisches Sprachgebiet;0;0;1;0;0;0;0;0;1;;2;0;0;0;0;0;0;2 ;0;0;;1;"1;2";bei wenigen
;2020/09/12 8:50:20 PM OEZ;15 - 30 Jahre;Trier;kein moselfränkisches Sprachgebiet;0;0;1 ;0;0;0;0;0;2;;2;0;0;0;2;0;1 ;2;0;0;;3;2;bei wenigen
;2020/09/08 7:40:07 AM OEZ;30 - 50 Jahre;Trier;kein moselfränkisches Sprachgebiet;0;0;5;0;0;0;3;0;3;;2;2;0;0;0;2;0;2;0;0;;0;"3;1;2;Goi 1 durch Vorträge gegen Rassismus";bei wenigen
Koblenz;;;;;;;;;;;;;;;;;;;;;;;;;;;;
;2020/09/13 8:01:16 PM OEZ;50 - 70 Jahre;Koblenz;kein moselfränkisches Sprachgebiet;0;0;0;0;0;0;0;0;0;;2;18;0;0;0;0;0;2;0;0;;1;2;bei keinen
;2020/09/13 8:15:46 PM OEZ;50 - 70 Jahre;Koblenz;kein moselfränkisches Sprachgebiet;0;0;0;0;0;0;0;0;0;;2;1;0;0;1;0;0;1;0;0;;0;2;bei keinen
;2020/09/13 9:24:59 PM OEZ;50 - 70 Jahre;Koblenz;kein moselfränkisches Sprachgebiet;0;0;2;0;2;0;0;0;2;gucken;2;2;0;0;2;4;0;5;0;0;;3, 6;1;bei manchen
;2020/09/13 9:24:15 PM OEZ;30 - 50 Jahre;Koblenz;kein moselfränkisches Sprachgebiet;0;0;5;0;0;0;16;0;3;hinschauen ;2;2;0;1; 2 ;28;0;2;0;0;zeigen,  deuten;6 ;3;bei vielen
;2020/09/17 7:31:59 PM OEZ;50 - 70 Jahre;Koblenz;kein moselfränkisches Sprachgebiet;0;0;5;0;0;0;0;0;2;Schauen;2;2;0;0;2;24;0;2;0;0;Zeigen;6, 11;3;bei vielen
;2020/09/19 11:12:58 AM OEZ;50 - 70 Jahre;Koblenz;kein moselfränkisches Sprachgebiet;0;0;12;0;0;0;0;0;0;Schauen;2;17;0;1;2;8;1;2;0;0;Zeigen;4;1;bei vielen
;2020/09/13 8:45:16 PM OEZ;30 - 50 Jahre;Koblenz;kein moselfränkisches Sprachgebiet;0;0;0;0;0;0;0;0;4, 16;;2;3, 11;0;9;2;0;0;2;0;0;;4;"1;2";bei wenigen
Koblenz;;;;;;;;;;;;;;;;;;;;;;;;;;;;
Trier;;;;;;;;;;;;;;;;;;;;;;;;;;;;
;2020/09/07 8:22:30 PM OEZ;30 - 50 Jahre;Trier;Koblenz;0;0;18;0;0;0;0;0;2;Schauen;2;6;0;0;2;2;0;2;0;0;;3;3;bei wenigen
Koblenz;;;;;;;;;;;;;;;;;;;;;;;;;;;;
;2020/09/07 1:59:05 PM OEZ;15 - 30 Jahre;Koblenz;Koblenz;0;0;0;0;0;0;0;0;0;;2;17;0;0;0;0;0;2;0;0;;0;2;bei keinen
;2020/09/13 7:46:01 PM OEZ;15 - 30 Jahre;Koblenz;Koblenz;0;0;1 ;0;0;0;0;0;3;;2;3, 18 ;0;0;2 ;8, 31;0;2;0;0;;3, 10 ;"3;1;2";bei keinen
;2020/09/14 12:13:50 AM OEZ;15 - 30 Jahre;Koblenz;Koblenz;0;0;0;0;0;0;1 ;0;0;1;1;0;0;0;1;0;0;1;0;0;;0;"3;1;2";bei keinen
;2020/09/13 7:44:46 PM OEZ;30 - 50 Jahre;Koblenz;Koblenz;0;0;0;0;0;22;0;0;2;gucken;2;0;0;0;2;4;0;2;0;0;;6;"3;1";bei keinen
;2020/09/13 8:54:21 PM OEZ;30 - 50 Jahre;Koblenz;Koblenz;6;0;0;0;0;23;17;3;2;Gucken schauen sehen;2;17;0;0;2;10;0;3;0;0;;6;2;bei keinen
;2020/09/13 9:14:30 PM OEZ;30 - 50 Jahre;Koblenz;Koblenz;0;0;1;0;0;0;0;0;1;;2;1;0;0;0;2;1 ;2;0;0;zeigen;3;"3;1";bei keinen
;2020/09/13 9:23:50 PM OEZ;30 - 50 Jahre;Koblenz;Koblenz;0;0;2;0;0;0;0;0;2, 3;Gucken;2;2;0;0;2;2;3;2;0;0;Den Weg zeigen ;14, 18;"3;1";bei keinen
;2020/09/13 11:16:49 PM OEZ;30 - 50 Jahre;Koblenz;Koblenz;0;0;0;0;0;0;0;0;0;;2;17;0;0;2;2;0;2;0;0;;7, 21;3;bei keinen
;2020/09/14 11:37:44 AM OEZ;30 - 50 Jahre;Koblenz;Koblenz;1;0;0;0;0;24;0;0;2;;2;2;0;0;2;2;0;2;0;0;;6, 11;3;bei keinen
;2020/09/14 7:43:52 PM OEZ;30 - 50 Jahre;Koblenz;Koblenz;0;0;0;0;0;0;0;0;0;;0;0;0;0;0;0;0;0;0;0;;0;1;bei keinen
;2020/09/20 9:16:37 AM OEZ;30 - 50 Jahre;Koblenz;Koblenz;0;0;2;0;0;0;0;0;3;gucken, schauen;2;2, 21;0;0;2;7, 24;20;2;0;0;1;5, 15;"3;1;2";bei keinen
;2020/09/13 8:12:22 PM OEZ;50 - 70 Jahre;Koblenz;Koblenz;0;0;2;0;0;0;0;0;1 ;;2;2;0;0;2 ;1;0;2;0;0;;6 ;1;bei keinen
;2020/09/13 8:12:40 PM OEZ;50 - 70 Jahre;Koblenz;Koblenz;0;0;5;0;0;1 ;0;0;16;;2;2;0;0;2;8;0;2;0;0;;2, 14;3;bei keinen
;2020/09/13 8:18:11 PM OEZ;50 - 70 Jahre;Koblenz;Koblenz;0;1  ;5;0;0;25;1;0;2;schauen,  gucken;2;2, 14;1 ;1 ;2;6, 8;1 ;2;9;0;zeigen;3, 7;"3;1;2";bei keinen
;2020/09/13 8:29:11 PM OEZ;50 - 70 Jahre;Koblenz;Koblenz;2;0;2;0;0;0;0;0;1 ;1 ;2;2;1 ;5 ;2 ;21;1 ;2 ;0;0; ;3;"3;1;2";bei keinen
;2020/09/13 9:58:26 PM OEZ;50 - 70 Jahre;Koblenz;Koblenz;0;0;5;0;0;0;0;0;17;Gucken;2;9 ;0;0;2;2;1;2;0;0;;5, 23;"3;1";bei keinen
;2020/09/14 1:14:03 PM OEZ;50 - 70 Jahre;Koblenz;Koblenz;2;0;0;0;0;0;17;0;0;;2;0;0;0;2 ;0;14;2 ;0;0;;24;"3;1";bei keinen
;2020/09/17 12:25:45 PM OEZ;50 - 70 Jahre;Koblenz;Koblenz;0;0;5;0;0;0;0;0;2;;2;2;0;0;0;2;0;2;0;0;;3;"1;2";bei keinen
;2020/09/11 8:16:25 PM OEZ;jünger als 15 Jahre;Koblenz;Koblenz;0;0;0;0;0;0;0;0;0;Reinschauen ;2;1;0;0;2;2, 32;0;2;0;0;1;5, 6;1;bei keinen
;2020/09/13 7:45:39 PM OEZ;30 - 50 Jahre;Koblenz;Koblenz;0;0;28;0;0;0;18;3;0;;2;2;0;0;2;9, 18;3;2;0;0;;8;"3;1";bei manchen
;2020/09/13 7:51:41 PM OEZ;30 - 50 Jahre;Koblenz;Koblenz;2;0;2;0;0;9;0;0;2;;2;2;0;0;2 ;0;0;2;0;0;;3;1;bei manchen
;2020/09/13 9:55:07 PM OEZ;30 - 50 Jahre;Koblenz;Koblenz;2;0;2;0;0;0;0;0;2;gucken;2;2;3;0;2;6, 15;11;2;0;0;;6;"3;1;2";bei manchen
;2020/09/13 10:02:02 PM OEZ;30 - 50 Jahre;Koblenz;Koblenz;2;0;2;0;0;0;3;0;2;kucken;2;2;3;0;2;6;21;2;0;0;;3, 6;"3;1";bei manchen
;2020/09/13 10:21:05 PM OEZ;30 - 50 Jahre;Koblenz;Koblenz;0;0;2;0;0;0;0;0;17;sehen/schauen;2;17;0;0;2;2;0;2;0;0;zeigen;13;"3;1";bei manchen
;2020/09/14 3:18:32 AM OEZ;30 - 50 Jahre;Koblenz;Koblenz;0;0;5;0;0;0;0;0;0;Gucken ;2;17;0;0;1;2;0;2;0;0;;14;"3;2";bei manchen
;2020/09/17 12:47:07 PM OEZ;30 - 50 Jahre;Koblenz;Koblenz;0;0;12;0;0;0;0;0;2;;2;2;0;0;2;1;12;2;2;0;;2;"3;1";bei manchen
;2020/09/13 9:22:08 PM OEZ;50 - 70 Jahre;Koblenz;Koblenz;0;0;5;0;0;0;3;0;2;;2;2 ;0;0;2 ;19;0;22;0;0;;3;"3;1;2";bei manchen
;2020/09/14 11:33:36 AM OEZ;50 - 70 Jahre;Koblenz;Koblenz;0;0;2;0;0;0;3;0;3;;2;2;0;8;2;4;0;2;0;0;Lehren, beibringen;6;Aus Büchern,  gesprächen mit anderen leuten;bei manchen
;2020/09/14 10:14:11 PM OEZ;50 - 70 Jahre;Koblenz;Koblenz;0;0;5;0;0;0;1;0;2;1;2;17;0;1;2;1;0;2;0;0;1;8, 11;"1;2";bei manchen
;2020/09/21 4:27:41 PM OEZ;50 - 70 Jahre;Koblenz;Koblenz;2;0;5;0;0;0;3;3;2;gucken;2;2;0;0;2;8;0;2;0;0;;11, 14;"3;1;Bücher meines verstorbenen Vaters Herbert Roth, Kleines Wörterbuch der Lahnsteiner Mundart und Lahnsteiner Kulturgeschichte im Spiegel der Mundart";bei manchen
;2020/09/13 8:32:47 PM OEZ;70 - 90 Jahre;Koblenz;Koblenz;2;0;5, 11;0;0;0;0;0;6;;2;2;1;0;2;6;0;2, 3;2;0;zeigen erklären ;3;1;bei manchen
;2020/09/13 9:59:40 PM OEZ;30 - 50 Jahre;Koblenz;Koblenz;0;0;1;0;0;0;0;0;1;;1;1;0;0;1;1;1;1;0;0;;1;"3;1;2";bei vielen
;2020/09/13 10:24:57 PM OEZ;30 - 50 Jahre;Koblenz;Koblenz;2;0;5;0;0;0;3;0;2;sehen/ansehen;2;2;0;3;2 ;8;0;2 ;2;0;;3;"3;1";bei vielen
;2020/09/13 8:15:54 PM OEZ;50 - 70 Jahre;Koblenz;Koblenz;0;0;5;0;0;0;0;0;2, 15;;2;2;1;0;2;8;1;2;0;0;;6;"1;teilweise Umgangssprache in Koblenz";bei vielen
;2020/09/13 9:01:39 PM OEZ;50 - 70 Jahre;Koblenz;Koblenz;0;0;2;0;0;0;0;0;2;;2;2;0;0;2;8;0;2;0;0;;3;"3;1;2";bei vielen
;2020/09/13 10:36:37 PM OEZ;50 - 70 Jahre;Koblenz;Koblenz;7;1;5;0;0;1;1;1;2;schauen;2;2;0;1;2;1;1;2;0;0;1;3;"3;1;2";bei vielen
;2020/09/14 12:29:28 AM OEZ;50 - 70 Jahre;Koblenz;Koblenz;2;0;1;0;0;0;0;0;0;;2;2;0;0;2;1;0; 2;0;0;;6;"1;2";bei vielen
;2020/09/14 12:46:51 AM OEZ;50 - 70 Jahre;Koblenz;Koblenz;2;0;5;0;2;9;3;3, 10;2;schauen, gucken;2;2;2;3, 7;2 ;8;13;2;2;2;zeigen;3, 6;"3;1";bei vielen
;2020/09/14 1:14:44 AM OEZ;50 - 70 Jahre;Koblenz;Koblenz;0;0;5;0;0;0;3;0;0;;2;2, 6;0;0;2;7;0;2;0;0;;3;"3;1;2";bei vielen
;2020/09/14 6:08:45 PM OEZ;50 - 70 Jahre;Koblenz;Koblenz;0;0;5;0;0;0;3;0;2;schauen;2;17;0;3;2;8;0;2;0;0;;3;"3;1;2";bei vielen
;2020/09/14 8:44:06 PM OEZ;50 - 70 Jahre;Koblenz;Koblenz;0;0;1;0;0;0;22;0;1;1;2;2;3;0; 2;10;0;3;0;0;;5;"3;1;2";bei vielen
;2020/09/15 11:21:29 AM OEZ;50 - 70 Jahre;Koblenz;Koblenz;0;0;1;1;0;1;11;0;2;;2;2;0;3;2;30;0;2;0;0;;3;"3;1";bei vielen
;2020/09/14 10:33:47 PM OEZ;15 - 30 Jahre;Koblenz;Koblenz;0;0;0;0;0;0;0;0;3;lügen;0;0;0;0;0;0;1;2;0;1;;1;"1;2";bei wenigen
;2020/09/13 8:36:05 PM OEZ;30 - 50 Jahre;Koblenz;Koblenz;0;0;2, 5;0;0;0;0;0;2;Schauen;2;2;0;0;2;2;0;2 ;0;0;;21;3;bei wenigen
;2020/09/14 8:49:39 AM OEZ;30 - 50 Jahre;Koblenz;Koblenz;2;0;5;0;0;0;0;0;2;Sehen;2;2;0;0;2;8, 9;11;2;0;0;;3, 6;3;bei wenigen
;2020/09/14 12:49:39 PM OEZ;30 - 50 Jahre;Koblenz;Koblenz;0;0;1;0;0;0;0;0;1 ;;1;1 ;0;0;1 ;1;0;1 ;0;0;Weise mir mal  der Weg;1;"3;1";bei wenigen
;2020/09/14 5:55:16 PM OEZ;30 - 50 Jahre;Koblenz;Koblenz;0;0;1;0;0;1;0;0;2;1;2;2;0;0;2;24;1;2;0;0;;3;"3;1";bei wenigen
;2020/09/14 7:37:42 PM OEZ;30 - 50 Jahre;Koblenz;Koblenz;0;0;2;0;0;0;0;0;1;;2;1;0;0;2;9;0;2;0;0;;3;"3;1";bei wenigen
;2020/09/13 7:58:27 PM OEZ;50 - 70 Jahre;Koblenz;Koblenz;0;0;5;0;0;0;0;0;2;;2;2;0;0;2;0;0;2;0;0;;3;"3;1";bei wenigen
;2020/09/14 1:09:16 PM OEZ;50 - 70 Jahre;Koblenz;Koblenz;0;1;11, 14;0;0;0;0;0;1;Gucken;2;2, 6;0;0;2;10, 15;1;2;0;0;;3 ;"3;1;2";bei wenigen
;2020/09/14 8:53:14 PM OEZ;50 - 70 Jahre;Koblenz;Koblenz;0;0;1;0;0;0;0;0;1;;2;1;0;0;1;1;0;1;0;0;;1;"3;1";bei wenigen
;2020/09/14 10:20:57 AM OEZ;50 - 70 Jahre;Koblenz;Koblenz;2;0;12, 14;0;0;0;3;3;3, 14;Schauen;2;2;0;3;2;11;0;2;0;0;;3, 6,;3;bei allen
;2020/09/14 10:55:41 AM OEZ;70 - 90 Jahre;Koblenz;Koblenz;2;0;18;2;0;0;3, 8;0;2;Schauen;2;6;0;0; 2;9;0;2 ;0;1;;3, 6;"3;2";bei allen
;2020/09/16 10:14:04 AM OEZ;70 - 90 Jahre;Koblenz;Koblenz;0;0;5;0;0;0;19;0;3;aufspüren oder Hinterhalt ;2;17;0;0;2;8;8;2;1;0;;3;"3;1";bei allen
kein moselfränkisches Sprachgebiet;;;;;;;;;;;;;;;;;;;;;;;;;;;;
;2020/09/13 7:45:45 PM OEZ;50 - 70 Jahre;kein moselfränkisches Sprachgebiet;Koblenz;0;0;0;0;0;0;0;0;0;;2;1;0;0;2;0;1;2;0;0;;11;1;bei vielen
;2020/09/15 2:37:53 PM OEZ;50 - 70 Jahre;kein moselfränkisches Sprachgebiet;Koblenz;0;0;5;0;0;12;3, 22;0;0;schauen;2;2;0;0;2;11;0;2;0;0;;6;"3;1;Jüdische Literatur";bei vielen
anderes moselfränkisches Sprachgebiet;;;;;;;;;;;;;;;;;;;;;;;;;;;;
;2020/09/07 3:02:39 PM OEZ;15 - 30 Jahre;anderes moselfränkisches Sprachgebiet;Koblenz;0;0;1 ;0;0;0;0;0;2;Schauen ;2;0;0;1;0;2;1;2;0;0;Zeigen;14;"3;1;2";bei keinen
Wittlich;;;;;;;;;;;;;;;;;;;;;;;;;;;;
;2020/09/11 6:17:06 PM OEZ;15 - 30 Jahre;Wittlich;Koblenz;0;1;1;0;0;1;0;1;0;Vosichtig schauen;2;5;0;0;2;1;1;2;0;0;;5, 11, 14;"3;1";bei keinen
;2020/09/13 8:06:57 PM OEZ;50 - 70 Jahre;Wittlich;Koblenz;0;0;1;0;0;0;1;0;1;;1;1;1;0;1;1;1;1;0;0;;1;"3;1";bei vielen
;2020/09/12 9:10:11 PM OEZ;50 - 70 Jahre;Wittlich;Koblenz;0;0;5;0;0;0;0;0;2;Schauen,;2;2;7;0;2;30;0;2;0;0;Zeigen;3;"3;1";bei wenigen
anderes moselfränkisches Sprachgebiet;;;;;;;;;;;;;;;;;;;;;;;;;;;;
Saarlouis;;;;;;;;;;;;;;;;;;;;;;;;;;;;
;2020/09/07 11:46:45 AM OEZ;50 - 70 Jahre;Saarlouis;anderes moselfränkisches Sprachgebiet;0;0;1 ;0;0;0;0;0;0;Sehen/Schauen;2;1 ;0;0;0;1;0;1;0;0;;1;1;bei keinen
;2020/09/10 5:38:59 PM OEZ;50 - 70 Jahre;Saarlouis;anderes moselfränkisches Sprachgebiet;2;0;5;0;0;0;0;3;0;schauen;2;2;0;0;2;8;0;2;2;0;in eine bestimmte Richtung zeigen;3, 6;"3;1";bei manchen
anderes moselfränkisches Sprachgebiet;;;;;;;;;;;;;;;;;;;;;;;;;;;;
;2020/09/07 4:35:11 PM OEZ;15 - 30 Jahre;anderes moselfränkisches Sprachgebiet;anderes moselfränkisches Sprachgebiet;0;0;0;0;0;0;0;0;1;1;1;0;0;0;0;0;1;1;0;0;1;1;1;bei keinen
;2020/09/09 3:41:14 PM OEZ;30 - 50 Jahre;anderes moselfränkisches Sprachgebiet;anderes moselfränkisches Sprachgebiet;0;0;0;0;0;1;0;0;2, 3;;2;2;0;0;2;8, 9;0;2;0;0;;13;"3;1";bei keinen
;2020/09/13 9:05:55 PM OEZ;30 - 50 Jahre;anderes moselfränkisches Sprachgebiet;anderes moselfränkisches Sprachgebiet;0;0;5;0;6;0;0;0;3;schauen;2;15;0;0;0;8;0;2;0;0;zeigen;6;3;bei keinen
;2020/09/14 6:22:48 PM OEZ;30 - 50 Jahre;anderes moselfränkisches Sprachgebiet;anderes moselfränkisches Sprachgebiet;0;0;1;0;0;0;0;0;0;Gucken;2;0;0;0;0;2;0;2;0;0;;1;"3;1";bei keinen
;2020/09/07 1:13:15 PM OEZ;30 - 50 Jahre;anderes moselfränkisches Sprachgebiet;anderes moselfränkisches Sprachgebiet;0;0;0;0;0;0;0;2;0;Gucken ;2;0;0;0;0;1 ;0;2;0;0;;0;"3;2";bei manchen
;2020/09/10 4:47:11 PM OEZ;30 - 50 Jahre;anderes moselfränkisches Sprachgebiet;anderes moselfränkisches Sprachgebiet;0;0;2;0;0;10;0;0;4;Gucken;2;17;0;3;2;8;0;2;2;1;Etwas zeigen;5 ;"3;1";bei manchen
;2020/09/13 10:34:25 PM OEZ;30 - 50 Jahre;anderes moselfränkisches Sprachgebiet;anderes moselfränkisches Sprachgebiet;0;0;0;0;0;0;0;0;1;;2;0;0;0;2;2;0;2;0;0;Zeigen;0;2;bei manchen
;2020/09/11 7:07:40 PM OEZ;50 - 70 Jahre;anderes moselfränkisches Sprachgebiet;anderes moselfränkisches Sprachgebiet;0;0;5;0;0;1;0;2;2;schauen;2;6;0;0;2;2;1;2;0;0;;6;"1;2";bei manchen
;2020/09/13 5:20:33 PM OEZ;50 - 70 Jahre;anderes moselfränkisches Sprachgebiet;anderes moselfränkisches Sprachgebiet;0;0;5;0;0;0;3;0;2;1;2;17;0;3;2;0;0;2;0;7;;3;"3;1";bei manchen
;2020/09/14 1:22:54 PM OEZ;30 - 50 Jahre;anderes moselfränkisches Sprachgebiet;anderes moselfränkisches Sprachgebiet;0;0;25;0;0;0;0;0;0;;2;2;0;0;2;11;19;2;0;0;Zeigen;3, 7;"3;1;2";bei vielen
;2020/09/14 2:35:56 PM OEZ;30 - 50 Jahre;anderes moselfränkisches Sprachgebiet;anderes moselfränkisches Sprachgebiet;0;0;2;0;0;0;0;0;2;;2;2;0;0;2;24, 26;5;2;1;0;zeigen;6, 23;"3;1;2";bei vielen
;2020/09/14 6:28:04 PM OEZ;30 - 50 Jahre;anderes moselfränkisches Sprachgebiet;anderes moselfränkisches Sprachgebiet;0;0;2;0;0;0;3;0;2;Schauen;2;2;0;0;2, 7;2, 8;0;2;0;0;;6, 21;"3;1";bei vielen
;2020/09/07 6:20:38 PM OEZ;50 - 70 Jahre;anderes moselfränkisches Sprachgebiet;anderes moselfränkisches Sprachgebiet;0;0;5;0;0;0;0;0;3;Gucken;2;2;0;0;0;28;0;2;0;0;Zeigen;5;"3;1;2";bei wenigen
;2020/09/07 11:47:59 PM OEZ;50 - 70 Jahre;anderes moselfränkisches Sprachgebiet;anderes moselfränkisches Sprachgebiet;0;0;1;0;1;1;0;0;1;1;1;1 ;0;0;1;1 ;1 ;1 ;0;0;1 ;1 ;"3;1";bei wenigen
;2020/09/14 6:30:54 PM OEZ;50 - 70 Jahre;anderes moselfränkisches Sprachgebiet;anderes moselfränkisches Sprachgebiet;2;0;12;0;0;0;0;3;0;anschauen;2;17;0;0;2;1;0;2;7;0;;5;"3;1";bei wenigen
;2020/09/14 9:13:22 PM OEZ;70 - 90 Jahre;anderes moselfränkisches Sprachgebiet;anderes moselfränkisches Sprachgebiet;4;0;12;0;0;20;0;0;2;;2;2;0;0;0;30;0;2;0;0;;25;1;bei wenigen
Koblenz;;;;;;;;;;;;;;;;;;;;;;;;;;;;
;2020/09/13 8:08:12 PM OEZ;30 - 50 Jahre;Koblenz;anderes moselfränkisches Sprachgebiet;2;0;2;0;0;1;0;0;2;Schauen;2;2;0;0;2 ;31;3;2;0;0;;3;3;bei manchen
;2020/09/14 1:42:15 PM OEZ;50 - 70 Jahre;Koblenz;anderes moselfränkisches Sprachgebiet;0;0;3;0;0;0;0;0;2;Schauen;2;2;0;0;2;30;0;2;0;0;;7;3;bei manchen
;2020/09/14 7:49:40 AM OEZ;30 - 50 Jahre;Koblenz;anderes moselfränkisches Sprachgebiet;0;0;12;0;0;0;0;0;2;;2;21;0;0;0;0;0;0;0;0;;0;"3;2";bei vielen
;2020/09/13 9:09:49 PM OEZ;30 - 50 Jahre;Koblenz;anderes moselfränkisches Sprachgebiet;0;0;5;0;0;0;0;0;1;aus etwas heraus schauen/ an etwas vorbei schauen;2;2;0;0;2, 7;23, 26;0;2;0;0;;3, 6;"3;1";bei wenigen
Trier;;;;;;;;;;;;;;;;;;;;;;;;;;;;
;2020/09/07 1:49:26 PM OEZ;30 - 50 Jahre;Trier;anderes moselfränkisches Sprachgebiet;0;0;7, 9;0;0;0;0;0;2;Schauen;2;17;0;0;2;2;0;2;0;0;Zeigen;13;"3;1";bei manchen
;2020/09/09 9:34:03 PM OEZ;30 - 50 Jahre;Trier;anderes moselfränkisches Sprachgebiet;0;0;0;0;0;0;0;0;0;;2;2;0;0;0;0;0;2;0;0;zeigen;3;"3;1";bei manchen
;2020/09/08 12:34:56 AM OEZ;50 - 70 Jahre;Trier;anderes moselfränkisches Sprachgebiet;0;0;1;0;0;0;3;1 ;2;;2;2 ;0;1 ;1 ;11;1;2;0;0;;11;"3;1;2";bei vielen
;2020/09/14 6:44:29 PM OEZ;50 - 70 Jahre;Trier;anderes moselfränkisches Sprachgebiet;0;0;1 ;0;0;0;1;1;1;1;1;1;0;0;1;1;0;1;0;0;1;1;"1;2";bei vielen
Wittlich;;;;;;;;;;;;;;;;;;;;;;;;;;;;
;2020/09/11 10:14:15 PM OEZ;30 - 50 Jahre;Wittlich;anderes moselfränkisches Sprachgebiet;0;0;1;0;0;0;0;0;2;Gucken?;2;1;0;0;2;1;0;2;0;0;Zeigen;1;3;bei keinen
;2020/09/12 8:25:02 AM OEZ;30 - 50 Jahre;Wittlich;anderes moselfränkisches Sprachgebiet;0;0;0;0;0;0;0;0;1;;2;17 ;0;0;11;1 ;0;2;8;0;Zeigen ;6;1;bei keinen
;2020/09/12 4:33:01 PM OEZ;30 - 50 Jahre;Wittlich;anderes moselfränkisches Sprachgebiet;0;0;12;0;0;0;0;0;2;schauen;2;9;0;0;2;8;0;2 ;0;0;erklären ;6;"3;1;2";bei keinen
;2020/09/11 11:38:31 PM OEZ;50 - 70 Jahre;Wittlich;anderes moselfränkisches Sprachgebiet;0;0;11, 12;0;0;0;0;0;2;Schauen;2;17 ;0;0;2;8;0;2 ;0;0;Etwas zeigen ;6;"3;1;2";bei wenigen
Merzig;;;;;;;;;;;;;;;;;;;;;;;;;;;;
;2020/09/07 9:53:58 PM OEZ;50 - 70 Jahre;Merzig;anderes moselfränkisches Sprachgebiet;0;0;0;0;0;0;0;0;2;Schauen ;2;0;0;0;0;15;0;2;2;0;Zeigen;0;"3;Luxemburgische Sprache ";bei keinen
Merzig;;;;;;;;;;;;;;;;;;;;;;;;;;;;
Saarlouis;;;;;;;;;;;;;;;;;;;;;;;;;;;;
;2020/09/07 11:38:33 AM OEZ;15 - 30 Jahre;Saarlouis;Merzig;0;0;0;0;0;0;0;0;16;Schauen, ansehen;0;0;0;0;0;0;0;2;0;0;;0;1;bei keinen
;2020/09/07 1:56:28 PM OEZ;15 - 30 Jahre;Saarlouis;Merzig;0;0;0;0;0;0;0;0;2;Gucken;2;0;0;0;0;2, 8;0;2;2;0;Zeigen;6;"3;1;2";bei keinen
;2020/09/07 10:56:11 AM OEZ;50 - 70 Jahre;Saarlouis;Merzig;0;0;5;0;0;1;0;0;3;schauen;2;2;0;1;2;1;1;2;0;0;zeigen;5;"3;2";bei keinen
;2020/09/07 8:19:57 PM OEZ;50 - 70 Jahre;Saarlouis;Merzig;0;0;0;0;0;0;0;0;1;;2;1;0;0;2 ;1;0;2;0;0;;5 ;"3;1";bei keinen
;2020/09/08 6:53:39 AM OEZ;50 - 70 Jahre;Saarlouis;Merzig;0;0;0;0;0;0;0;0;1;;2;1;0;0;2 ;1;0;2;0;0;;5 ;"3;1";bei keinen
;2020/09/08 8:45:47 PM OEZ;50 - 70 Jahre;Saarlouis;Merzig;0;0;1;0;0;0;0;3, 6;0;Schauen;2;2;0;0;0;6;0;3;2;0;Zeigen;5;"3;1";bei keinen
;2020/09/07 11:08:01 AM OEZ;15 - 30 Jahre;Saarlouis;Merzig;0;0;0;0;0;0;0;0;1;1;1;0;0;0;0;1;0;1;0;0;;0;2;bei manchen
;2020/09/07 2:04:39 PM OEZ;30 - 50 Jahre;Saarlouis;Merzig;0;0;2, 5;0;0;0;0;0;0;schauen ;2;3;0;0;2;2;0;2 ;0;0;zeigen;3;"3;1";bei manchen
;2020/09/07 9:28:41 PM OEZ;30 - 50 Jahre;Saarlouis;Merzig;0;0;5, 31;0;0;0;1 ;0;2;Schauen ;2;1 ;0;0;2 ;8;0;2 ;1 ;0;Zeigen ;5 ;"3;1;2";bei manchen
;2020/09/08 3:30:06 PM OEZ;70 - 90 Jahre;Saarlouis;Merzig;0;0;15;0;0;13;0;0;3;Schauen, gucken;2;2;0;7;2;8;0;2;2;0;Zeigen;5;"1;2";bei wenigen
Merzig;;;;;;;;;;;;;;;;;;;;;;;;;;;;
;2020/09/07 11:59:38 AM OEZ;15 - 30 Jahre;Merzig;Merzig;0;0;0;0;0;0;0;0;0;1;0;0;0;0;0;0;0;1;0;0;1;1;"3;1;2";bei keinen
;2020/09/07 3:42:57 PM OEZ;15 - 30 Jahre;Merzig;Merzig;0;0;5;0;0;0;0;0;2;1 ;2;1;0;0;0;1;1;2;0;0;;1;"1;2";bei keinen
;2020/09/07 3:47:46 PM OEZ;15 - 30 Jahre;Merzig;Merzig;0;0;1;0;0;0;0;1;0;schauen, gucken;2;0;0;0;0;0;0;1;0;0;zeigen;0;2;bei keinen
;2020/09/07 7:53:05 PM OEZ;15 - 30 Jahre;Merzig;Merzig;0;5;0;0;0;1;0;0;1;Gucken;2;0;0;0;0;1;0;2;0;0;;0;"3;1;2";bei keinen
;2020/09/07 12:12:23 PM OEZ;30 - 50 Jahre;Merzig;Merzig;1;0;18;0;0;0;0;0;1;1;1;1;0;0;1;1;0;1;0;0;1;1;"3;1";bei keinen
;2020/09/07 3:13:03 PM OEZ;30 - 50 Jahre;Merzig;Merzig;0;0;5;0;0;0;0;0;2;Schauen ;2;2 ;0;0;2 ;2;0;2;0;0;Zeigen;3;"3;1;2";bei keinen
;2020/09/07 3:25:02 PM OEZ;30 - 50 Jahre;Merzig;Merzig;0;0;0;0;0;0;0;0;16;Gucken;2;2;0;0;2 ;8;0;2 ;0;0;Zeigen;3, 5, 14;"3;1;2";bei keinen
;2020/09/07 10:54:03 PM OEZ;30 - 50 Jahre;Merzig;Merzig;0;0;1 ;0;0;0;0;0;2;Schauen;2;2;0;0;0;2;0;2;0;0;;6;1;bei keinen
;2020/09/09 6:13:18 PM OEZ;30 - 50 Jahre;Merzig;Merzig;0;0;1 ;0;0;0;0;0;2;Schauen;2;2;0;0;0;2;0;2;0;0;;6;1;bei keinen
;2020/09/09 9:07:22 PM OEZ;30 - 50 Jahre;Merzig;Merzig;0;0;0;0;0;0;0;0;2;Schauen;2;0;0;0;0;0;0;2;0;0;Zeigen;5;"3;1";bei keinen
;2020/09/13 3:42:56 PM OEZ;30 - 50 Jahre;Merzig;Merzig;0;0;0;0;0;0;0;0;3;schauen/gucken;2;1;0;0;0;0;0;2;0;0;zeigen;21;"3;1;2";bei keinen
;2020/09/13 5:54:43 PM OEZ;30 - 50 Jahre;Merzig;Merzig;0;0;0;0;0;0;0;0;3;schauen/gucken;2;1;0;0;0;0;0;2;0;0;zeigen;21;"3;1;2";bei keinen
;2020/09/07 12:15:09 PM OEZ;50 - 70 Jahre;Merzig;Merzig;0;0;0;0;0;0;0;0;2;;2;2 ;0;0;0;8;0;2;0;0;;11;"3;1";bei keinen
;2020/09/07 12:47:43 PM OEZ;50 - 70 Jahre;Merzig;Merzig;0;0;1;0;0;0;0;0;2;;2;0;0;0;0;8;0;2;0;0;;3 ;"3;1";bei keinen
;2020/09/07 3:21:04 PM OEZ;50 - 70 Jahre;Merzig;Merzig;0;0;2, 18;0;0;0;0;0;3;sehen, schauen;2;2;0;0;2;1;0;2;0;0;;3 ;1;bei keinen
;2020/09/07 9:38:20 PM OEZ;50 - 70 Jahre;Merzig;Merzig;0;0;11, 12;0;0;0;15;3;3;Schauen;2;17;0;5;0;8, 9;0;2;0;0;Zeigen;6;"1;2";bei keinen
;2020/09/07 10:14:09 PM OEZ;50 - 70 Jahre;Merzig;Merzig;0;0;7;0;0;0;0;0;2;Schauen, sehen;2;1;0;0;2;8, 9;0;2 ;0;0;Zeigen;1;"3;1";bei keinen
;2020/09/08 2:05:32 PM OEZ;50 - 70 Jahre;Merzig;Merzig;0;0;9;0;0;0;0;0;16;Schauen;2;0;0;0;0;8;8;2;0;0;;7;3;bei keinen
;2020/09/09 5:19:51 PM OEZ;50 - 70 Jahre;Merzig;Merzig;0;0;7, 9;0;0;0;0;0;16;;2;2;0;0;0;6;0;2;0;5;Kommando führen ;5 ;"3;1";bei keinen
;2020/09/09 9:33:02 PM OEZ;50 - 70 Jahre;Merzig;Merzig;0;0;22;0;0;0;0;0;2;Schauen;2;2;0;0;0;24;0;2;0;0;Zeigen;6;"3;1";bei keinen
;2020/09/08 2:40:21 PM OEZ;70 - 90 Jahre;Merzig;Merzig;0;0;1;0;0;0;0;1 ;1 ;1 ;1;1 ;0;0;1 ;1;1  ;1;0;0;1 ;0;1;bei keinen
;2020/09/07 10:06:33 PM OEZ;15 - 30 Jahre;Merzig;Merzig;0;0;0;0;0;0;0;0;1;1;1;0;0;0;0;1;0;1;0;0;1;1;"3;1";bei manchen
;2020/09/07 9:04:52 PM OEZ;50 - 70 Jahre;Merzig;Merzig;0;1;12;0;0;0;2;0;0;Schauen;2;2;0;7;3;2;0;2;0;0;;5 ;"3;1";bei manchen
;2020/09/07 9:13:07 PM OEZ;50 - 70 Jahre;Merzig;Merzig;0;0;0;0;0;0;0;0;0;Schauen;2;1;0;0;0;1;0;2;0;0;1;1;2;bei manchen
;2020/09/08 5:49:31 PM OEZ;50 - 70 Jahre;Merzig;Merzig;0;1;12;0;0;0;2;0;0;Schauen;2;2;0;7;3;2;0;2;0;0;;5 ;"3;1";bei manchen
;2020/09/07 5:13:25 PM OEZ;30 - 50 Jahre;Merzig;Merzig;1;1;9;0;0;17;0;3;2, 3;Schauen / hinsehen;2;12;5;9;2;2;1 ;2;0;0;zeigen;5, 12;"3;1";bei vielen
;2020/09/07 8:37:48 PM OEZ;50 - 70 Jahre;Merzig;Merzig;0;0;0;0;0;0;0;0;2;Schauen;2;2;0;0;3;28;0;2;2;0;Regeln;5, 6;"3;1";bei vielen
;2020/09/07 10:11:44 PM OEZ;50 - 70 Jahre;Merzig;Merzig;0;0;1;0;0;0;0;1;1;1;1;1;0;0;1;1;0;1;0;0;1;1;3;bei vielen
;2020/09/08 12:29:16 PM OEZ;50 - 70 Jahre;Merzig;Merzig;0;0;18;0;0;0;0;0;3;Schauen;2;2;0;0;2;3;0;2 ;0;0;Zeigen;5, 24;"3;1";bei vielen
;2020/09/07 3:13:59 PM OEZ;30 - 50 Jahre;Merzig;Merzig;0;0;1;0;0;0;0;0;0;Schauen;2;1;0;0;2;2;0;2;0;0;Zeigen;18;"3;2";bei wenigen
;2020/09/08 6:13:09 PM OEZ;30 - 50 Jahre;Merzig;Merzig;0;0;5;0;0;0;0;0;3;schauen;2;2;0;0; 2 ;9;0;2 ;0;0;zeigen;3, 6;"3;1";bei wenigen
kein moselfränkisches Sprachgebiet;;;;;;;;;;;;;;;;;;;;;;;;;;;;
;2020/09/07 10:47:15 AM OEZ;15 - 30 Jahre;kein moselfränkisches Sprachgebiet;Merzig;0;0;0;0;0;0;0;0;0;1 ;0;0;0;0;1 ;1 ;1 ;1 ;0;0;;1 ;"3;1";bei keinen
;2020/09/07 3:31:25 PM OEZ;15 - 30 Jahre;kein moselfränkisches Sprachgebiet;Merzig;0;0;1;0;0;0;0;0;12;sehen;2;0;0;0;2;0;0;2 ;0;0;zeigen;6;2;bei keinen
;2020/09/07 10:53:25 AM OEZ;50 - 70 Jahre;kein moselfränkisches Sprachgebiet;Merzig;0;0;23;0;0;0;0;0;2;Schauen;2;2;0;0;0;9;2;2;0;0;zeigen;6;3;bei keinen
;2020/09/07 11:19:08 AM OEZ;50 - 70 Jahre;kein moselfränkisches Sprachgebiet;Merzig;2;0;5;0;0;0;2;0;2;gucken, schauen;2;2;0;0;2;7;0;2;2;0;;3, 5;"3;1;2";bei manchen
;2020/09/07 2:27:39 PM OEZ;50 - 70 Jahre;kein moselfränkisches Sprachgebiet;Merzig;0;0;2;0;0;1;0;0;2, 16;Sehen ;2;6;0;2;2;8;0;2;0;0;Zeigen;6;"3;1";bei manchen
Trier;;;;;;;;;;;;;;;;;;;;;;;;;;;;
;2020/09/07 3:38:34 PM OEZ;15 - 30 Jahre;Trier;Merzig;0;0;5, 14;0;0;0;0;0;20;;2;12;0;0;2;2;0;2;0;0;;11;"3;1;2";bei manchen
Trier;;;;;;;;;;;;;;;;;;;;;;;;;;;;
kein moselfränkisches Sprachgebiet;;;;;;;;;;;;;;;;;;;;;;;;;;;;
;2020/09/07 11:55:27 AM OEZ;30 - 50 Jahre;kein moselfränkisches Sprachgebiet;Trier;0;0;1;0;0;0;0;0;1;gucken, schauen;2;1;0;0;2;2;1;2;0;0;;4;"1;2";bei manchen
;2020/09/11 10:13:17 PM OEZ;50 - 70 Jahre;kein moselfränkisches Sprachgebiet;Trier;0;0;2;0;0;0;1;2;9;Etwas beobachten;2;2;0;1;2;2;0;2;0;0;;6, 19;"1;2";bei vielen
Trier;;;;;;;;;;;;;;;;;;;;;;;;;;;;
;2020/09/07 12:43:57 PM OEZ;15 - 30 Jahre;Trier;Trier;0;0;23;0;0;0;0;0;0;Schauen;2;15;0;0;2;8;0;2;0;0;;12, 14;"3;1";bei keinen
;2020/09/07 12:48:06 PM OEZ;15 - 30 Jahre;Trier;Trier;0;0;0;0;0;0;0;0;9;;2;0;0;0;0;0;0;2;0;0;;11, 13;"3;1;2";bei keinen
;2020/09/08 7:44:17 PM OEZ;15 - 30 Jahre;Trier;Trier;0;0;2;0;0;0;0;0;2;;2;2;0;0;0;1;1;2;0;0;Jmd etwas zeigen;1;"3;1;2";bei keinen
;2020/09/08 7:55:14 PM OEZ;30 - 50 Jahre;Trier;Trier;0;0;32;0;0;0;0;0;2;Lügen;2;17;0;0;0;16;1;2;0;0;;6;"1;2";bei keinen
;2020/09/09 7:51:40 PM OEZ;30 - 50 Jahre;Trier;Trier;0;0;1 ;0;0;0;0;0;1;Leihen;2;12;0;0;3;2;0;2;0;0;;1 ;"3;1";bei keinen
;2020/09/12 1:58:12 AM OEZ;30 - 50 Jahre;Trier;Trier;0;0;0;0;0;0;0;0;2;Gucken/ schauen;2;6;0;0;2;1;0;2;0;0;Zeigen;6;"3;1;2";bei keinen
;2020/09/12 10:54:03 PM OEZ;30 - 50 Jahre;Trier;Trier;0;0;0;0;0;0;0;0;2;Schauen;2;0;0;0;0;0;0;2;0;0;Zeigen - 1;6;"3;1;2";bei keinen
;2020/09/14 7:28:20 PM OEZ;30 - 50 Jahre;Trier;Trier;0;0;1;0;0;1;0;0;2;Schauen, sehen ;2;17;0;0;1;17;0;2;3;0;zeigen;6;"3;1;2";bei keinen
;2020/09/15 11:21:18 AM OEZ;30 - 50 Jahre;Trier;Trier;0;0;5;0;0;0;0;0;1;;2;1;0;0;0;1;0;1 ;0;0;;1;"3;1";bei keinen
;2020/09/15 4:14:48 PM OEZ;30 - 50 Jahre;Trier;Trier;0;0;26;0;0;21;0;4;2;Gucken, sehen ;2;17 ;0;0;3, 4;26;1;2;0;0;Zeigen;5, 6, 11;"3;1;2";bei keinen
;2020/09/15 11:58:09 PM OEZ;30 - 50 Jahre;Trier;Trier;0;0;5, 31;0;0;0;0;0;8;;2;6;0;0;2;2;0;2;0;0;;0;"3;1;2";bei keinen
;2020/09/09 6:46:42 PM OEZ;50 - 70 Jahre;Trier;Trier;0;0;9;0;0;0;0;0;1;;2;2;0;0;0;8;0;2;0;0;Zeigen;5 ;"3;1";bei keinen
;2020/09/14 8:06:40 PM OEZ;50 - 70 Jahre;Trier;Trier;0;0;3;0;0;0;0;0;2;1;2;2;0;0; 2 ;1;0;2 ;0;0;zeigen;6;"3;1";bei keinen
;2020/09/07 6:55:17 PM OEZ;15 - 30 Jahre;Trier;Trier;0;0;0;0;0;13;0;0;2, 16;Liegen;2;0;0;0;0;0;0;2 ;3;0;;6;"3;1;2";bei manchen
;2020/09/07 7:50:40 PM OEZ;15 - 30 Jahre;Trier;Trier;0;0;0;0;0;0;0;0;2;;2;0;0;0;0;0;0;2;0;0;;11, 14;"1;2";bei manchen
;2020/09/07 1:55:29 PM OEZ;30 - 50 Jahre;Trier;Trier;0;0;5;0;0;0;0;0;2;gucken;2;2;0;0;2;8;0;2;0;0;(vor)zeigen;3;"3;1";bei manchen
;2020/09/07 2:39:48 PM OEZ;30 - 50 Jahre;Trier;Trier;0;0;9;0;0;0;0;2;2, 3;gucken, schauen;2;17;0;1;2 ;8;0;2;0;0;;6;"3;1;meine Eltern kommen aus dem Saarland";bei manchen
;2020/09/14 8:14:03 PM OEZ;30 - 50 Jahre;Trier;Trier;0;0;1;0;0;0;0;0;1;1;1;1;0;0;1;1;0;1;1;0;1;1;"3;1";bei manchen
;2020/09/07 9:44:02 PM OEZ;50 - 70 Jahre;Trier;Trier;2;0;5;0;0;0;0;0;2;;2;2 ;0;0;2 ;1;0;2;3;0;zeigen ;6 ;"3;1;2";bei manchen
;2020/09/08 12:42:09 PM OEZ;50 - 70 Jahre;Trier;Trier;0;0;5;0;0;0;0;0;2;;2;2;0;0;0;8;0;2;0;0;Zeigen;0;3;bei manchen
;2020/09/09 7:03:10 PM OEZ;50 - 70 Jahre;Trier;Trier;0;0;1;0;0;0;0;0;2;Sehen, schauen;2;2;0;1;0;4;0;3;0;0;Zeigen, erklären ;5, 6;"1;2";bei manchen
;2020/09/14 2:35:43 PM OEZ;50 - 70 Jahre;Trier;Trier;0;0;5;0;0;20;3;0;1;Schauen/spähen;2;17;0;0;2;9;0;2;8;0;zeigen;12;3;bei manchen
;2020/09/07 2:59:16 PM OEZ;30 - 50 Jahre;Trier;Trier;0;1;1;0;1;0;0;1;2, 3;1;2;1;0;0;2;1;1;2;2;1;Zeigen;6;"3;1;2;Interesse an der Herkunft und Bedeutung der jiddischen Wörter/Sprache";bei vielen
;2020/09/07 3:09:01 PM OEZ;30 - 50 Jahre;Trier;Trier;0;0;31;0;0;0;0;0;0;Lügen;2;2;0;0;2;12;11;2;3;0;;6;"3;1";bei vielen
;2020/09/11 7:06:42 PM OEZ;30 - 50 Jahre;Trier;Trier;0;0;0;0;0;0;0;0;2, 6;Gucken;2;2;0;0;2;8, 11;3, 18;2;3;8;Zeigen;6;"3;1";bei vielen
;2020/09/11 7:06:54 PM OEZ;30 - 50 Jahre;Trier;Trier;0;0;0;0;0;0;0;0;2, 6;Gucken;2;2;0;0;2;8, 11;3, 18;2;3;8;Zeigen;6;"3;1";bei vielen
;2020/09/07 10:23:11 PM OEZ;50 - 70 Jahre;Trier;Trier;0;0;5;0;0;0;0;0;2, 16;Gucken;2;2;0;0;3;8;0;2;0;0;;3;"3;1";bei vielen
;2020/09/08 9:24:15 AM OEZ;50 - 70 Jahre;Trier;Trier;0;1;9, 12;0;0;10;0;0;16;Schauen, sehen;2;2;0;0;8;21;0;2;0;0;Zeigen;11;"1;2;Habe mich etwas mit jiddisch beschäftigt, vor viellen Jahren ";bei vielen
;2020/09/07 5:51:22 PM OEZ;15 - 30 Jahre;Trier;Trier;0;0;1;0;0;0;0;2, 9;1;Schauen, sehen;2;2;0;0;0;2, 2;0;2;3;0;;6;"1;2";bei wenigen
;2020/09/07 7:11:10 PM OEZ;15 - 30 Jahre;Trier;Trier;0;0;0;0;0;0;0;0;3;Sehen;2;1;5;0;0;2;1;1;0;0;Zeigen;11;"3;1;2";bei wenigen
;2020/09/07 1:03:35 PM OEZ;30 - 50 Jahre;Trier;Trier;0;0;1;0;0;0;0;0;1;;2;1;0;0;2;1;0;2;0;0;zeigen;3;3;bei wenigen
;2020/09/07 1:43:51 PM OEZ;30 - 50 Jahre;Trier;Trier;0;0;2;0;0;0;1;0;14;schauen/gucken;2;6;0;0;2;2;0;2;3;0;zeigen;1;1;bei wenigen
;2020/09/11 5:38:00 PM OEZ;30 - 50 Jahre;Trier;Trier;2;0;0;0;0;0;0;0;3;Schauen;2;0;0;0;2 ;10;0;2;0;0;;3;"3;1;2";bei wenigen
;2020/09/14 10:10:48 PM OEZ;30 - 50 Jahre;Trier;Trier;0;0;2;0;0;0;0;0;2;;2;2;0;0;2 ;9;0;2;0;0;;3, 14;"3;1";bei wenigen
;2020/09/07 4:47:33 PM OEZ;50 - 70 Jahre;Trier;Trier;0;0;1;0;0;0;0;0;1;;1;1;0;0;1 ;1;1 ;1 ;0;0;;1;"3;1";bei wenigen
;2020/09/14 7:39:03 PM OEZ;70 - 90 Jahre;Trier;Trier;0;0;0;0;0;10;0;4;2;Mal schauen;2;17;0;0;3;10;0;2;0;9;Ich zeige dir den Weg ;11, 18;"3;1";bei wenigen
;2020/09/07 5:17:12 PM OEZ;50 - 70 Jahre;Trier;Trier;0;0;18;0;0;0;3;1;2;1 ;2;17;0;1;2;9;0;2;0;0;;3, 7;"3;1;2;Im Jiddisch-Kurs an der Uni gelernt ";bei allen
Wittlich;;;;;;;;;;;;;;;;;;;;;;;;;;;;
;2020/09/11 6:19:42 PM OEZ;30 - 50 Jahre;Wittlich;Trier;0;0;5;0;0;0;0;0;2;;2;14;0;0;2;10;0;2;0;0;Richtung zeigen;6;"3;1;2";bei keinen
;2020/09/14 3:48:08 AM OEZ;30 - 50 Jahre;Wittlich;Trier;0;0;31;0;0;0;0;0;0;1;2;6;0;0;2;1;0;1;0;0;;14;1;bei keinen
;2020/09/11 11:17:25 PM OEZ;50 - 70 Jahre;Wittlich;Trier;0;0;2;0;0;0;0;0;2;;2;2;0;0;2;1;0;2;0;0;;6;"3;1";bei keinen
;2020/09/11 10:07:49 PM OEZ;50 - 70 Jahre;Wittlich;Trier;0;0;5;0;0;0;0;0;2;;2;2 , 6;0;0;2;8;0;2;0;0;Zeigen;6, 11;3;bei wenigen
Saarlouis;;;;;;;;;;;;;;;;;;;;;;;;;;;;
;2020/09/07 5:48:37 PM OEZ;50 - 70 Jahre;Saarlouis;Trier;0;0;5;0;0;0;0;0;3;schauen / sehen;2;2;0;0;0;2;0;2;0;0;zeigen;3;3;bei keinen
;2020/09/08 7:49:41 PM OEZ;30 - 50 Jahre;Saarlouis;Trier;0;0;0;0;0;0;0;0;2;Schauen;2;17;0;0;2;1;0;2;0;0;Jemandem etwas befehlen;1 ;"3;1;2";bei manchen
anderes moselfränkisches Sprachgebiet;;;;;;;;;;;;;;;;;;;;;;;;;;;;
;2020/09/07 4:30:00 PM OEZ;50 - 70 Jahre;anderes moselfränkisches Sprachgebiet;Trier;0;0;5;0;0;0;0;1;2;schauen;2;17;0;0;0;12;0;2;0;0;zeigen;6;1;bei keinen
Koblenz;;;;;;;;;;;;;;;;;;;;;;;;;;;;
;2020/09/13 11:39:21 PM OEZ;15 - 30 Jahre;Koblenz;Trier;0;0;1;0;0;0;0;0;0;;2;6;0;0;2 ;2;0;2;0;0;;1;2;bei keinen
;2020/09/07 10:47:39 PM OEZ;15 - 30 Jahre;Koblenz;Trier;0;1;11;0;0;1;0;1;3;1;2;1;0;0;2;7;1;2;1;0;"Zeigen (?) Wie in ""den Weg weisen""?";1;"3;1;2";bei manchen
;2020/09/07 10:30:32 PM OEZ;30 - 50 Jahre;Koblenz;Trier;3, 5;1;2;0;0;0;0;0;16;;2;13;0;0;0;8;0;2;0;0;Zeigen;3;"3;1;2";bei manchen
Wittlich;;;;;;;;;;;;;;;;;;;;;;;;;;;;
kein moselfränkisches Sprachgebiet;;;;;;;;;;;;;;;;;;;;;;;;;;;;
;2020/09/11 5:38:04 PM OEZ;30 - 50 Jahre;kein moselfränkisches Sprachgebiet;Wittlich;0;0;12;0;0;0;0;0;2;;2;12;0;0;0;2;0;2;0;0;;1;1;bei keinen
;2020/09/12 10:45:17 AM OEZ;30 - 50 Jahre;kein moselfränkisches Sprachgebiet;Wittlich;0;0;0;0;0;0;0;0;0;;2;2;0;0;0;9;0;2 ;0;0;Zeigen;21;1;bei keinen
;2020/09/15 2:46:07 PM OEZ;30 - 50 Jahre;kein moselfränkisches Sprachgebiet;Wittlich;0;0;0;0;0;0;0;0;2;Schauen ;2;17;0;0;2;1 ;15;2;0;0;Zeigen ;3 ;"3;1";bei keinen
;2020/09/11 4:44:11 PM OEZ;50 - 70 Jahre;kein moselfränkisches Sprachgebiet;Wittlich;0;0;0;0;0;0;0;1;0;;2;0;0;10;4;9;0;2;0;10;zeigen ;5 ;"3;1";bei keinen
;2020/09/11 4:48:04 PM OEZ;50 - 70 Jahre;kein moselfränkisches Sprachgebiet;Wittlich;0;0;5;0;0;0;0;0;0;;2;0;0;0;0;0;0;2;0;0;;6 ;"3;1";bei keinen
;2020/09/11 5:15:48 PM OEZ;50 - 70 Jahre;kein moselfränkisches Sprachgebiet;Wittlich;0;0;1;0;0;0;0;0;1;Sehen /schauen;2;2;0;0;0;8;1;2;0;0;Im Sinne von zeigen;3;1;bei keinen
;2020/09/11 8:24:10 PM OEZ;50 - 70 Jahre;kein moselfränkisches Sprachgebiet;Wittlich;0;0;5;0;0;0;0;0;0;Schauen;2;0;0;0;2;2;0;2;0;0;;0;2;bei keinen
;2020/09/11 10:03:27 PM OEZ;50 - 70 Jahre;kein moselfränkisches Sprachgebiet;Wittlich;0;0;2;0;0;0;0;0;2;;2;2;0;0;2;9;0;2;0;0;zeigen;26;"3;2";bei keinen
;2020/09/11 11:31:36 PM OEZ;50 - 70 Jahre;kein moselfränkisches Sprachgebiet;Wittlich;0;0;31;0;0;0;0;0;17;;2;1;0;0;0;1;0;2;0;0;1;1;"1;2";bei keinen
;2020/09/15 4:10:53 PM OEZ;50 - 70 Jahre;kein moselfränkisches Sprachgebiet;Wittlich;2;0;17;0;0;0;0;0;0;Hinsehen;2;2;0;0;2;1;0;2;0;0;;6;1;bei keinen
;2020/09/11 11:35:34 PM OEZ;30 - 50 Jahre;kein moselfränkisches Sprachgebiet;Wittlich;0;0;1;0;0;0;1 ;0;1 ;gucken ;2;2;0;0;2 ;2;0;2;0;0;zeigen ;1 ;"3;1;2";bei manchen
;2020/09/11 6:02:50 PM OEZ;50 - 70 Jahre;kein moselfränkisches Sprachgebiet;Wittlich;0;0;2;0;0;0;3, 22;0;3;gucken;2;2;0;0;2;23, 26;0;2;0;0;;2;"3;1";bei manchen
;2020/09/11 9:49:48 PM OEZ;50 - 70 Jahre;kein moselfränkisches Sprachgebiet;Wittlich;0;0;1;0;0;0;0;0;1;1;1;1;0;1;1;1 ;1;1 ;0;0;1 ;1;"3;1;2";bei manchen
;2020/09/11 9:50:31 PM OEZ;50 - 70 Jahre;kein moselfränkisches Sprachgebiet;Wittlich;0;0;5;0;0;0;1;0;2;schauen;2;2;0;0;2;2;0;2;0;0;zeigen;3, 6;"3;1";bei manchen
;2020/09/12 7:13:18 PM OEZ;50 - 70 Jahre;kein moselfränkisches Sprachgebiet;Wittlich;2;0;5, 31;0;0;0;0;3;0;;2;2;0;0;2;20;0;2;0;0;Zeigen;5, 6;1;bei manchen
;2020/09/11 10:11:25 PM OEZ;15 - 30 Jahre;kein moselfränkisches Sprachgebiet;Wittlich;0;0;1;0;0;0;0;0;1;;2;17;0;0;2;0;0;2;0;0;;6;1;bei vielen
;2020/09/11 5:20:08 PM OEZ;50 - 70 Jahre;kein moselfränkisches Sprachgebiet;Wittlich;2;0;2;0;0;0;0;0;0;Schauen;2;2;0;0;2 ;1;0;2 ;0;0;;13;"3;1";bei vielen
;2020/09/11 10:44:30 PM OEZ;30 - 50 Jahre;kein moselfränkisches Sprachgebiet;Wittlich;0;0;2;0;0;0;0;0;0;;2;2;0;0;0;2 ;0;2;0;0;;11, 14;"3;1;2";bei wenigen
;2020/09/12 5:59:46 AM OEZ;30 - 50 Jahre;kein moselfränkisches Sprachgebiet;Wittlich;0;0;2;0;0;0;0;0;2;;2;6;0;0;2;4;1;2;0;0;Zeigen;6;"3;1";bei wenigen
Bitburg;;;;;;;;;;;;;;;;;;;;;;;;;;;;
;2020/09/11 7:29:17 PM OEZ;50 - 70 Jahre;Bitburg;Wittlich;0;0;0;0;0;0;0;0;2;;2;2;0;0;2;12;0;2;3;0;;6;"3;1";bei manchen
Koblenz;;;;;;;;;;;;;;;;;;;;;;;;;;;;
;2020/09/11 4:46:46 PM OEZ;50 - 70 Jahre;Koblenz;Wittlich;2;0;2;0;0;0;0;0;2;schauen;2;17;0;0;2;10;0;2;0;0;;3;"3;1;2";bei manchen
;2020/09/13 6:08:47 PM OEZ;30 - 50 Jahre;Koblenz;Wittlich;2;0;5;0;0;0;3;0;2;;2;17;0;3 ;2 ;2;0;2;11;0;Zeigen ;6;"3;1";bei vielen
;2020/09/14 5:25:54 PM OEZ;30 - 50 Jahre;Koblenz;Wittlich;0;0;2;0;0;0;0;0;1;Sehen;2;1;0;0;2;2;0;2;0;0;;3;3;bei wenigen
Wittlich;;;;;;;;;;;;;;;;;;;;;;;;;;;;
;2020/09/11 4:28:46 PM OEZ;15 - 30 Jahre;Wittlich;Wittlich;0;0;0;5;0;0;0;11;16;;2;0;0;0;0;0;0;2;0;0;;0;"3;1;2";bei keinen
;2020/09/11 4:39:53 PM OEZ;15 - 30 Jahre;Wittlich;Wittlich;0;0;0;0;0;0;0;0;0;Lügen ;2;0;0;0;3;0;0;2;0;0;;0;"3;1;2";bei keinen
;2020/09/11 4:47:14 PM OEZ;15 - 30 Jahre;Wittlich;Wittlich;0;0;0;0;0;0;0;0;0;;2;0;0;0;0;0;0;2 ;0;0;Zeigen ;5;1;bei keinen
;2020/09/11 4:53:18 PM OEZ;15 - 30 Jahre;Wittlich;Wittlich;0;0;0;0;0;0;0;0;3;;2;17;0;0;0;2;0;2;0;0;Zeigen ;6;"3;1";bei keinen
;2020/09/11 5:06:07 PM OEZ;15 - 30 Jahre;Wittlich;Wittlich;0;0;0;0;0;0;0;0;16;;2;0;0;0;0;0;0;2;0;0;;0;"3;1";bei keinen
;2020/09/11 5:31:49 PM OEZ;15 - 30 Jahre;Wittlich;Wittlich;0;0;0;0;0;0;0;0;1;;1;1;0;0;0;1;0;1;0;0;;0;2;bei keinen
;2020/09/11 6:40:21 PM OEZ;15 - 30 Jahre;Wittlich;Wittlich;0;0;18;0;0;0;0;0;16;;2;0;0;0;0;0;0;0;0;0;;0;"3;1";bei keinen
;2020/09/11 7:16:18 PM OEZ;15 - 30 Jahre;Wittlich;Wittlich;0;0;0;0;0;0;0;0;1;;0;0;0;0;0;0;0;2;0;0;1;0;2;bei keinen
;2020/09/11 9:06:47 PM OEZ;15 - 30 Jahre;Wittlich;Wittlich;0;0;29, 30;0;0;0;0;0;0;;2;16;0;0;2 ;2;0;2 ;0;0;;25;"3;1;2";bei keinen
;2020/09/11 9:37:42 PM OEZ;15 - 30 Jahre;Wittlich;Wittlich;0;0;1;0;0;0;0;0;3;;2;17;0;0;2;2;0;2 ;0;0;;0;"3;1";bei keinen
;2020/09/11 11:06:38 PM OEZ;15 - 30 Jahre;Wittlich;Wittlich;0;0;0;0;0;0;0;0;2;;2;6;0;0;2;2;0;2;0;0;;13;"3;1;2";bei keinen
;2020/09/12 7:54:55 AM OEZ;15 - 30 Jahre;Wittlich;Wittlich;0;0;2, 32;0;0;0;0;0;2;;2;2, 6;0;0;2;2;0;2;0;0;zeigen;11;"3;1";bei keinen
;2020/09/13 9:53:00 AM OEZ;15 - 30 Jahre;Wittlich;Wittlich;0;0;0;0;0;0;0;0;0;;0;0;0;0;0;0;0;1;0;0;;0;"1;2";bei keinen
;2020/09/13 12:34:24 PM OEZ;15 - 30 Jahre;Wittlich;Wittlich;0;0;0;0;0;0;0;0;2;;4;0;0;0;0;0;15;4;0;0;;0;3;bei keinen
;2020/09/13 4:54:37 PM OEZ;15 - 30 Jahre;Wittlich;Wittlich;0;0;0;0;0;0;0;0;1;;2;1;0;0;0;1;0;2;0;0;;13;3;bei keinen
;2020/09/11 4:31:36 PM OEZ;30 - 50 Jahre;Wittlich;Wittlich;0;0;1;0;0;0;0;0;1;;2;1 ;0;0;1 ;1;0;2;0;0;;0;"3;2";bei keinen
;2020/09/11 4:41:15 PM OEZ;30 - 50 Jahre;Wittlich;Wittlich;0;0;0;0;0;0;0;0;2, 3;;2;1;0;0;0;15;0;2;0;0;Zeigen;3, 13;1;bei keinen
;2020/09/11 5:12:04 PM OEZ;30 - 50 Jahre;Wittlich;Wittlich;0;0;2, 32;0;0;0;0;0;2;Sehen, schauen ;2;2, 17;0;0;4;8;0;2;0;0;;3, 6 ;"3;1";bei keinen
;2020/09/11 5:12:21 PM OEZ;30 - 50 Jahre;Wittlich;Wittlich;3;0;33;0;0;0;0;0;2;;2;6;0;0;0;8;0;2;0;0;Zeigen;6;3;bei keinen
;2020/09/11 5:20:47 PM OEZ;30 - 50 Jahre;Wittlich;Wittlich;1;0;1;0;0;0;0;0;0;1;1;1;0;0;1;1;1;1;0;0;1;1;"3;1";bei keinen
;2020/09/11 5:29:35 PM OEZ;30 - 50 Jahre;Wittlich;Wittlich;0;0;18;0;0;0;0;0;2;;2;17;0;0;2;8;0;2;0;0;;0;1;bei keinen
;2020/09/11 5:55:23 PM OEZ;30 - 50 Jahre;Wittlich;Wittlich;0;0;0;0;0;0;0;0;2;;2;0;0;0;0;0;0;0;0;0;;6;1;bei keinen
;2020/09/11 6:14:03 PM OEZ;30 - 50 Jahre;Wittlich;Wittlich;0;0;0;0;0;0;0;0;1;lügen;2;1;0;0;0;0;0;1;0;0;;1 ;"3;1";bei keinen
;2020/09/11 6:31:26 PM OEZ;30 - 50 Jahre;Wittlich;Wittlich;0;0;0;0;0;0;0;0;0;;2;1 ;0;0;0;0;0;2 ;0;0;;1 ;"3;1;2";bei keinen
;2020/09/11 6:33:14 PM OEZ;30 - 50 Jahre;Wittlich;Wittlich;0;0;2;0;0;0;0;0;3;Schauen ;2;2;0;0;0;2;0;2;0;0;;3, 6;"3;1;2";bei keinen
;2020/09/11 6:47:15 PM OEZ;30 - 50 Jahre;Wittlich;Wittlich;0;0;2, 32;0;0;0;0;0;16;gucken;2;17;0;0;2;2, 9;0;2;0;0;;3, 12;1;bei keinen
;2020/09/11 7:28:34 PM OEZ;30 - 50 Jahre;Wittlich;Wittlich;0;0;0;0;0;0;0;0;3;;2;1;0;0;2;1 ;0;2;0;0;;1;"3;1;2";bei keinen
;2020/09/11 8:18:30 PM OEZ;30 - 50 Jahre;Wittlich;Wittlich;0;0;1;0;0;0;0;0;0;;2;2;0;0;2;26;0;2;0;0;Zeigen;5;"3;1";bei keinen
;2020/09/11 8:51:08 PM OEZ;30 - 50 Jahre;Wittlich;Wittlich;0;0;1;0;0;0;0;0;3;;2;2;0;0;2;3;0;2;0;0;;11;"3;1";bei keinen
;2020/09/11 8:57:44 PM OEZ;30 - 50 Jahre;Wittlich;Wittlich;0;0;0;0;6;0;0;0;2;Gucken;2;15;0;0;2 ;2;0;2 ;0;0;;6;"1;2";bei keinen
;2020/09/11 9:08:05 PM OEZ;30 - 50 Jahre;Wittlich;Wittlich;0;0;7;0;0;0;0;0;0;Schauen;2;0;0;0;0;0;0;2;0;0;;0;1;bei keinen
;2020/09/11 9:16:01 PM OEZ;30 - 50 Jahre;Wittlich;Wittlich;0;0;2;0;0;0;0;0;2;;2;17 ;0;0;2 ;2;0;2;0;0;;3;2;bei keinen
;2020/09/11 9:47:52 PM OEZ;30 - 50 Jahre;Wittlich;Wittlich;0;0;3;0;0;0;0;0;2;;5;0;0;0;2;2;0;2;0;0;;3;"3;1";bei keinen
;2020/09/11 10:35:36 PM OEZ;30 - 50 Jahre;Wittlich;Wittlich;0;0;1;0;0;0;0;0;0;;2;1;0;0;0;1;0;2;0;0;;1;1;bei keinen
;2020/09/11 10:52:59 PM OEZ;30 - 50 Jahre;Wittlich;Wittlich;0;0;2;0;0;0;0;0;2;Gucken;2;2;0;0;0;1;0;2;0;0;;0;"3;1;2";bei keinen
;2020/09/11 11:14:46 PM OEZ;30 - 50 Jahre;Wittlich;Wittlich;0;0;32;0;0;0;0;0;13;Verdeckt oder versteckt schauen;2;17;0;0;2;9;0;2, ;0;0;Zeigen;6;"3;1";bei keinen
;2020/09/11 11:37:34 PM OEZ;30 - 50 Jahre;Wittlich;Wittlich;0;0;1;0;0;0;0;0;1;;2;1 ;0;0;0;33;0;2;3;0;Zeigen;6 ;1;bei keinen
;2020/09/12 12:17:28 AM OEZ;30 - 50 Jahre;Wittlich;Wittlich;0;0;1;0;0;0;0;0;0;;2;2;0;0;0;1 ;0;2;0;0;;6;"3;1";bei keinen
;2020/09/12 6:42:43 AM OEZ;30 - 50 Jahre;Wittlich;Wittlich;0;0;0;0;0;0;0;0;2;;2;2;0;0;0;1;0;2;0;0;;3;"3;2";bei keinen
;2020/09/12 7:08:06 AM OEZ;30 - 50 Jahre;Wittlich;Wittlich;1;0;1;0;0;0;0;0;1;1;1;1 ;0;0;0;1;0;1;0;0;1;1;"1;2";bei keinen
;2020/09/12 9:30:42 AM OEZ;30 - 50 Jahre;Wittlich;Wittlich;0;0;5;0;0;0;0;0;2, 3;Schauen ;2;2;0;0;2;24;0;2;0;0;Zeigen / erklären;14;"3;1;Aus der Umgangssprache und vom Dialekt ( Platt) abgeleitet";bei keinen
;2020/09/12 10:07:08 AM OEZ;30 - 50 Jahre;Wittlich;Wittlich;0;0;1;0;0;0;0;0;6;;2;0;0;1;2;2;1;1;0;0;zeigen;1;"3;1;2;reisende leute";bei keinen
;2020/09/12 10:29:35 AM OEZ;30 - 50 Jahre;Wittlich;Wittlich;0;0;11;0;0;0;0;0;2;;2;5;0;0;1;4;0;2 ;1;0;zeigen;3, 12;"3;1;2";bei keinen
;2020/09/12 10:39:05 AM OEZ;30 - 50 Jahre;Wittlich;Wittlich;0;0;31;0;0;0;0;0;2;Lügen;2;17 ;0;0;2;21;16;2;3;0;Zeigen;3 ;1;bei keinen
;2020/09/12 11:47:47 AM OEZ;30 - 50 Jahre;Wittlich;Wittlich;0;0;0;0;0;0;0;0;0;;2;17;0;0;0;1 ;0;2;0;0;;3 ;"3;1";bei keinen
;2020/09/12 5:33:25 PM OEZ;30 - 50 Jahre;Wittlich;Wittlich;0;0;1;0;0;0;0;0;1;1;1;1;0;0;1;1;0;1;0;0;1;1;"3;1;2";bei keinen
;2020/09/13 8:40:18 AM OEZ;30 - 50 Jahre;Wittlich;Wittlich;0;0;1;0;0;0;0;0;1;;1;1 ;0;0;0;1;0;1;0;0;;1;"3;1";bei keinen
;2020/09/13 8:58:15 AM OEZ;30 - 50 Jahre;Wittlich;Wittlich;0;0;1;0;0;0;0;0;2, 3;;2;2 ;0;0;2;7, 9;0;2;0;0;Jemanden etwas zeigen ;6;"3;1";bei keinen
;2020/09/13 12:03:15 PM OEZ;30 - 50 Jahre;Wittlich;Wittlich;0;0;1;0;0;0;0;0;16;1;2;6;0;0;2;1;0;2;0;0;1;11;"3;1";bei keinen
;2020/09/13 2:53:07 PM OEZ;30 - 50 Jahre;Wittlich;Wittlich;0;0;0;0;0;0;0;0;0;;2;0;0;0;1;2;0;2;0;0;;20;"3;2";bei keinen
;2020/09/13 9:44:16 PM OEZ;30 - 50 Jahre;Wittlich;Wittlich;0;0;31;0;0;0;0;0;0;;2;2;0;0; 2;1;0;2;0;0;;3, 5;"3;1;2";bei keinen
;2020/09/11 5:30:19 PM OEZ;50 - 70 Jahre;Wittlich;Wittlich;2;0;12;0;0;21;0;0;18;;2;2;0;0;2;26;0;2;10;0;;5;"3;2";bei keinen
;2020/09/11 6:02:45 PM OEZ;50 - 70 Jahre;Wittlich;Wittlich;0;0;0;0;0;0;0;0;1;1;2;1;0;0;1;1;0;1;0;0;1;1 ;"3;1";bei keinen
;2020/09/11 7:27:48 PM OEZ;50 - 70 Jahre;Wittlich;Wittlich;0;0;0;0;0;0;0;0;2;Schauen;2;15;0;0;0;23;0;2 ;0;0;Zeigen;6;3;bei keinen
;2020/09/11 8:03:02 PM OEZ;50 - 70 Jahre;Wittlich;Wittlich;0;0;1 ;0;0;1 ;0;0;2;;2;2;0;0;0;26;0;2;0;0;;3;"3;2";bei keinen
;2020/09/11 8:41:04 PM OEZ;50 - 70 Jahre;Wittlich;Wittlich;0;0;31;0;0;0;0;0;2;;2;17, 21;0;0;0;26;0;2;0;0;;18;"3;2";bei keinen
;2020/09/11 10:05:42 PM OEZ;50 - 70 Jahre;Wittlich;Wittlich;0;0;0;0;0;0;0;0;0;;2;0;0;0;0;8;0;2;0;0;Zeigen;3;"3;1";bei keinen
;2020/09/11 10:09:56 PM OEZ;50 - 70 Jahre;Wittlich;Wittlich;0;0;1;0;0;13;2;0;2;;2;2;0;0;2;21;22;2;0;0;;6 ;"1;2";bei keinen
;2020/09/11 10:17:00 PM OEZ;50 - 70 Jahre;Wittlich;Wittlich;0;0;1;0;0;0;0;0;3;Schauen;2;2;0;0;2 ;30;0;2;0;0;;14, 18;"3;1";bei keinen
;2020/09/11 10:20:51 PM OEZ;50 - 70 Jahre;Wittlich;Wittlich;0;0;0;0;0;0;0;0;2;gucken?;2;15;0;0;0;30;0;2;0;0;;5;1;bei keinen
;2020/09/11 10:55:35 PM OEZ;50 - 70 Jahre;Wittlich;Wittlich;0;0;5, 31;0;0;0;0;3;0;;2;2, 17;0;0;2;9;0;2;0;0;Zeigen wo es lang geht;6, 11;"3;1;2";bei keinen
;2020/09/11 11:00:19 PM OEZ;50 - 70 Jahre;Wittlich;Wittlich;0;0;1;0;0;0;0;0;1;1;1;0;1;0;0;1;0;1;0;0;1;1;"3;1";bei keinen
;2020/09/11 11:04:32 PM OEZ;50 - 70 Jahre;Wittlich;Wittlich;0;0;1;0;0;0;0;0;0;;2;2;0;0;1;1;0;2;0;0;Zeigen;6;"3;1;2";bei keinen
;2020/09/12 9:18:17 AM OEZ;50 - 70 Jahre;Wittlich;Wittlich;0;0;0;0;0;0;0;0;2;;2;2;0;0;0;8;0;2;0;0;zeigen;0;"1;2";bei keinen
;2020/09/12 9:51:00 AM OEZ;50 - 70 Jahre;Wittlich;Wittlich;0;0;0;0;0;0;0;0;1;1;2;18;0;0;0;1;0;2;0;0;Zeigen;1;1;bei keinen
;2020/09/12 1:38:27 PM OEZ;50 - 70 Jahre;Wittlich;Wittlich;0;0;1;0;0;0;0;0;2;Gucken;2;2;0;0;2 ;1 ;1 ;2;0;0;Zeigen ;5, 26;"3;1;2";bei keinen
;2020/09/12 2:06:32 PM OEZ;50 - 70 Jahre;Wittlich;Wittlich;0;0;1;0;0;0;0;0;3;schauen;2;1;0;0;2;12;0;2 ;0;0;zeigen;1;"3;1";bei keinen
;2020/09/12 4:35:01 PM OEZ;50 - 70 Jahre;Wittlich;Wittlich;0;0;0;0;0;0;0;2;3;;2;17;0;0;2;22;0;2;0;0;zeigen;2;"3;1";bei keinen
;2020/09/12 9:33:29 PM OEZ;50 - 70 Jahre;Wittlich;Wittlich;0;0;18;0;0;0;0;3, 6;2;Schauen , Sehen;2;0;0;0;2;1;0;2;0;0;;3, 6;"3;1;2";bei keinen
;2020/09/12 11:11:02 PM OEZ;50 - 70 Jahre;Wittlich;Wittlich;2;0;1;0;0;0;0;3;2;;2;17;0;0;0;21;0;2;0;0;;0;3;bei keinen
;2020/09/13 7:44:08 AM OEZ;50 - 70 Jahre;Wittlich;Wittlich;0;0;5;0;0;0;0;0;0;;2;2;0;0;2;8;3;2;0;0;;6;"3;1;2";bei keinen
;2020/09/13 11:33:29 AM OEZ;50 - 70 Jahre;Wittlich;Wittlich;2;0;5;0;0;0;0;0;0;;2;2;0;0;2;1;0;2;0;0;;6;3;bei keinen
;2020/09/13 1:15:18 PM OEZ;50 - 70 Jahre;Wittlich;Wittlich;2;0;9;0;0;0;0;3;2;schauen;2;2;0;0;3;21;0;2;0;0;;3;"3;1";bei keinen
;2020/09/15 7:44:11 AM OEZ;50 - 70 Jahre;Wittlich;Wittlich;0;0;5;0;0;0;0;0;0;gucken;0;2;0;0;2;0;0;2;0;0;;11;1;bei keinen
;2020/09/11 10:57:29 PM OEZ;15 - 30 Jahre;Wittlich;Wittlich;0;0;5;0;0;0;0;0;3;;2;2;0;3;0;0;0;2;0;0;;11;3;bei manchen
;2020/09/12 11:12:39 AM OEZ;15 - 30 Jahre;Wittlich;Wittlich;0;0;2;0;0;0;0;1;1;1;2;2;1;1;1;2;0;2;0;0;Zeigen;1;"3;1;2";bei manchen
;2020/09/11 5:13:02 PM OEZ;30 - 50 Jahre;Wittlich;Wittlich;0;0;1;0;0;1;0;0;1;;1;0;0;0;0;1;0;2;0;0;1;6;1;bei manchen
;2020/09/11 6:17:18 PM OEZ;30 - 50 Jahre;Wittlich;Wittlich;0;0;5;0;0;0;0;0;2;Gucken;2;2;0;0;2;8, 15;0;2;0;0;Zeigen;6;3;bei manchen
;2020/09/11 6:32:18 PM OEZ;30 - 50 Jahre;Wittlich;Wittlich;0;0;18;0;0;0;0;0;0;schauen;2;2;0;0;2;9;0;2;0;0;;3;"3;1";bei manchen
;2020/09/11 7:30:19 PM OEZ;30 - 50 Jahre;Wittlich;Wittlich;0;0;0;0;0;0;0;0;2;;2;1;0;0;0;1;0;2 ;0;0;;0;3;bei manchen
;2020/09/11 7:48:09 PM OEZ;30 - 50 Jahre;Wittlich;Wittlich;0;0;0;0;0;0;0;0;1;;2;16;0;0;1;2 ;0;2;0;0;1 ;1;"3;1";bei manchen
;2020/09/11 8:02:55 PM OEZ;30 - 50 Jahre;Wittlich;Wittlich;0;0;2, 12;0;0;0;0;0;16;;2;2;0;0;0;2;0;2;0;0;zeigen;2;3;bei manchen
;2020/09/11 8:42:55 PM OEZ;30 - 50 Jahre;Wittlich;Wittlich;0;0;1;0;0;0;0;0;16;;2;1;0;0;0;2;0;2;0;0;;1;"3;1";bei manchen
;2020/09/11 9:36:32 PM OEZ;30 - 50 Jahre;Wittlich;Wittlich;0;0;31;0;0;9;0;0;2;schauen, gucken;2;2;2;0;2;26;23;2;2;2, 3;zeigen;6, 7;"3;1";bei manchen
;2020/09/11 10:42:46 PM OEZ;30 - 50 Jahre;Wittlich;Wittlich;0;0;5;0;0;20;0;0;2;Schauen;2;2;0;0;2;2;17;2;0;0;Lehren;6;3;bei manchen
;2020/09/12 6:41:21 AM OEZ;30 - 50 Jahre;Wittlich;Wittlich;0;0;2;0;0;0;1 ;0;3;Schauen;2;2, 14;0;1; 2;8;0;2;0;0;Zeigen;11;"3;1";bei manchen
;2020/09/12 8:08:21 AM OEZ;30 - 50 Jahre;Wittlich;Wittlich;0;0;2;0;0;0;0;0;2;;2;6;0;0;0;1 ;0;2 ;0;0;;1;"3;1";bei manchen
;2020/09/11 6:44:07 PM OEZ;50 - 70 Jahre;Wittlich;Wittlich;0;0;18;0;0;0;0;2;3;Schauen;2;2;0;0;2;2;0;2;0;0;Zeigen;3;"3;1";bei manchen
;2020/09/11 6:48:15 PM OEZ;50 - 70 Jahre;Wittlich;Wittlich;0;0;1;0;0;0;0;0;1 ;1 ;1 ;1 ;0;0;1 ;1 ;0;1 ;0;0;1 ;1 ;"3;1";bei manchen
;2020/09/11 10:13:24 PM OEZ;50 - 70 Jahre;Wittlich;Wittlich;3;0;5;0;0;0;0;0;0;Schauen;2;2, 14;0;0;4 ;6;0;2;0;0;Zeigen;3;"3;1;2";bei manchen
;2020/09/11 10:18:02 PM OEZ;50 - 70 Jahre;Wittlich;Wittlich;1;0;0;0;0;1;0;1;0;;0;0;1;2;0;0;1;0;0;0;Zeigen;0;"2;";bei manchen
;2020/09/12 11:27:24 AM OEZ;50 - 70 Jahre;Wittlich;Wittlich;1;0;0;0;0;1;0;1;0;;0;0;1;2;0;0;1;0;0;0;Zeigen;0;"2;";bei manchen
;2020/09/12 2:24:53 PM OEZ;50 - 70 Jahre;Wittlich;Wittlich;0;0;5;0;0;0;0;3;3;Schauen;2;2;3;1;2;4;1;2;0;0;Zeigen;6;"3;1";bei manchen
;2020/09/13 12:33:13 PM OEZ;50 - 70 Jahre;Wittlich;Wittlich;0;0;1;0;0;0;0;3;2;Hervorschauen;2;2, 17;0;0;2;8;0;2;0;0;Zeigen;3, 6;"3;1;2";bei manchen
;2020/09/15 4:52:13 PM OEZ;50 - 70 Jahre;Wittlich;Wittlich;0;0;5;0;0;0;0;0;1, 15;Schauen;2;2;0;0;2;6;0;2;5;0;;1;3;bei manchen
;2020/09/11 11:29:06 PM OEZ;70 - 90 Jahre;Wittlich;Wittlich;0;0;12;0;7;0;0;2;2;;2;2;8;5 ;2;30;0;2;0;11;;4, 6;"3;1";bei manchen
;2020/09/12 3:26:57 PM OEZ;70 - 90 Jahre;Wittlich;Wittlich;2, 9;0;2;0;0;0;0;0;2;;2;2;0;0;2;10;0;2 ;0;0;Zeigen;6;3;bei manchen
;2020/09/11 11:43:29 PM OEZ;15 - 30 Jahre;Wittlich;Wittlich;0;0;1;0;0;0;0;0;1;Gucken;2;17;0;0;2;1;0;1;0;0;Zeigen;3;3;bei vielen
;2020/09/11 4:32:00 PM OEZ;30 - 50 Jahre;Wittlich;Wittlich;0;0;1;0;0;0;0;0;1 ;;1 ;1;0;0;1 ;1 ;0;1 ;0;0;;1 ;"1;2";bei vielen
;2020/09/11 4:53:21 PM OEZ;30 - 50 Jahre;Wittlich;Wittlich;0;0;2;0;0;0;19;0;2;schauen;2;6;0;7;2;2;0;2;0;0;;0;"3;1;2";bei vielen
;2020/09/11 4:59:17 PM OEZ;30 - 50 Jahre;Wittlich;Wittlich;2;0;5;2;0;9;3;3, 10;2;lügen;2;2;2;3;2;2, 8;16;2;2;2;;5;"3;1";bei vielen
;2020/09/11 11:10:01 PM OEZ;30 - 50 Jahre;Wittlich;Wittlich;0;0;0;0;0;0;0;0;2;;2;2;0;0;2;1;0;2;0;0;Zeigen;6;"3;1";bei vielen
;2020/09/13 8:01:06 PM OEZ;30 - 50 Jahre;Wittlich;Wittlich;0;0;8;0;0;0;0;0;0;Schauen;2;6;0;0;2 ;8;0;2;0;0;;0;"3;1";bei vielen
;2020/09/14 8:26:58 PM OEZ;30 - 50 Jahre;Wittlich;Wittlich;0;0;1;1;0;0;0;0;1;1;1;1;1;0;1;1;0;1;0;0;1;1;"3;1";bei vielen
;2020/09/11 4:37:34 PM OEZ;50 - 70 Jahre;Wittlich;Wittlich;2;0;9;0;0;0;0;0;0;;2;2;0;0;2;8;0;0;0;0;Zeigen;12, 14;"3;1";bei vielen
;2020/09/11 6:59:20 PM OEZ;50 - 70 Jahre;Wittlich;Wittlich;0;0;1 ;0;0;0;0;0;1 ;;1 ;1 ;0;0;0;1 ;0;1 ;0;0;;1 ;"3;1;2";bei vielen
;2020/09/11 9:23:27 PM OEZ;50 - 70 Jahre;Wittlich;Wittlich;0;0;5;0;0;0;22;0;3;Schauen;2;2;0;0;2;1;0;2;0;0;Zeigen;5;1;bei vielen
;2020/09/12 6:18:09 AM OEZ;50 - 70 Jahre;Wittlich;Wittlich;0;0;5, 11;0;0;0;0;0;0;Lügen;2;2 ;0;0;2, 9 ;8;0;2;0;0;;6, 7, 21;"3;1";bei vielen
;2020/09/12 11:04:09 AM OEZ;50 - 70 Jahre;Wittlich;Wittlich;8;0;2;6;0;17, 20;3;3;2;Gaffen, schauen;2;2;2;0;2;6;16;2;0;0;Zeigen;6;"3;1;2";bei vielen
;2020/09/12 2:56:33 PM OEZ;50 - 70 Jahre;Wittlich;Wittlich;2;0;5;0;0;0;3;0;2;Gucken ? ;2;2;3;0; 2;6;8;2;2;0;Zeigen;5, 6;"3;1";bei vielen
;2020/09/12 7:29:51 PM OEZ;50 - 70 Jahre;Wittlich;Wittlich;0;0;5;0;0;0;0;0;2;;2;2;0;0;2;8;18;2;2;0;;3;"3;1";bei vielen
;2020/09/12 8:07:29 PM OEZ;50 - 70 Jahre;Wittlich;Wittlich;0;0;1;0;0;0;0;1;1;;1;1;0;0;1;1;0;1;0;0;;1;1;bei vielen
;2020/09/12 9:05:44 PM OEZ;50 - 70 Jahre;Wittlich;Wittlich;0;0;5;0;0;0;3;3;16;Gucken;2;2;0;0;2;8;16;2;0;0;Zeigen;3, 5;"3;1;2";bei vielen
;2020/09/13 3:00:39 AM OEZ;50 - 70 Jahre;Wittlich;Wittlich;0;0;2;0;0;0;0;0;2;gucken ;2;2;0;0;2;8;17;2;0;0;;3;"3;1";bei vielen
;2020/09/14 2:38:27 PM OEZ;50 - 70 Jahre;Wittlich;Wittlich;0;0;1;0;0;0;1;0;1;;1;1;0;0;1;1;0;1;0;0;;1;"3;1";bei vielen
;2020/09/15 9:57:22 AM OEZ;50 - 70 Jahre;Wittlich;Wittlich;0;0;2;0;0;0;0;1;2;schauen;2;2, 17;0;3;2 ;15;1;2;0;1;etwas zeigen;6;"3;1";bei vielen
;2020/09/12 11:03:00 AM OEZ;15 - 30 Jahre;Wittlich;Wittlich;0;0;1;0;0;0;0;0;0;;2;2;0;0;0;1;0;1 ;0;0;;0;"3;1;2";bei wenigen
;2020/09/12 12:34:31 AM OEZ;30 - 50 Jahre;Wittlich;Wittlich;0;0;1;0;0;0;0;0;16;;2;2;0;0;0;8;0;2;0;0;;14;"3;1;2";bei wenigen
;2020/09/12 7:25:17 AM OEZ;30 - 50 Jahre;Wittlich;Wittlich;0;0;1;0;0;0;0;0;2, 3;;2;1;0;0;2 ;1;0;2;0;0;;1;"3;1;2";bei wenigen
;2020/09/12 11:30:26 AM OEZ;30 - 50 Jahre;Wittlich;Wittlich;0;0;31;0;0;0;0;0;0;;2;2;0;0;0;8;0;2;0;0;;6 ;"3;1";bei wenigen
;2020/09/12 4:18:01 PM OEZ;30 - 50 Jahre;Wittlich;Wittlich;0;0;1;0;0;0;0;0;0;gucken;2;2;0;0;2;1;0;2;0;0;zeigen;5;1;bei wenigen
;2020/09/13 7:41:15 AM OEZ;30 - 50 Jahre;Wittlich;Wittlich;0;0;5;0;0;0;0;0;3;Schauen/gucken ;2;2;0;0;0;8;0;2;0;0;Zeigen, erklären;26, 27;"3;1";bei wenigen
;2020/09/11 5:07:35 PM OEZ;50 - 70 Jahre;Wittlich;Wittlich;0;0;31;0;0;0;0;0;2;schauen;2;2, 17;0;0;0;2;0;2 ;0;0;zeigen ;11;1;bei wenigen
;2020/09/11 5:23:52 PM OEZ;50 - 70 Jahre;Wittlich;Wittlich;0;0;1;0;0;0;0;0;2;Schauen;2;2 ;0;0;0;30;0;2;3;0;;14;1;bei wenigen
;2020/09/11 6:51:31 PM OEZ;50 - 70 Jahre;Wittlich;Wittlich;0;0;5;0;0;0;0;0;0;;2;17;0;0;0;1;0;2;0;0;;6;2;bei wenigen
;2020/09/12 7:19:02 AM OEZ;50 - 70 Jahre;Wittlich;Wittlich;0;0;18;0;0;0;3;0;2;Schauen, gucken ;2;2;0;0;2 ;9;0;2 ;0;0;;6 ;"3;1;2";bei wenigen
;2020/09/12 12:54:09 PM OEZ;50 - 70 Jahre;Wittlich;Wittlich;0;0;9;0;0;0;0;0;0;Schauen ;2;2;0;0;2 ;21;0;2 ;5;0;Etwas zeigen ;5 ;"3;1;2";bei wenigen
;2020/09/12 4:16:02 PM OEZ;50 - 70 Jahre;Wittlich;Wittlich;0;0;2;0;0;0;0;0;3;schauen;2;2;0;0;2;9;0;2 ;0;0;zeigen;27;3;bei wenigen
;2020/09/12 11:21:45 PM OEZ;50 - 70 Jahre;Wittlich;Wittlich;0;0;1;0;0;0;0;1;1;;2;17;0;0;2;0;0;2;0;0;Zeigen;0;"3;1;2";bei wenigen
;2020/09/13 11:46:08 AM OEZ;50 - 70 Jahre;Wittlich;Wittlich;2;0;18;0;0;21;0;3, 6;3;;2;15;0;0; 2 ;6;0;2;0;0;Zeigen;3;"3;1";bei wenigen
Saarlouis;;;;;;;;;;;;;;;;;;;;;;;;;;;;
;2020/09/07 9:01:35 PM OEZ;50 - 70 Jahre;Saarlouis;Wittlich;0;0;1;0;0;0;0;0;2, 3;Schauen;2;2 ;0;0;2 ;25;0;2;0;0;;6;"3;2";bei keinen
anderes moselfränkisches Sprachgebiet;;;;;;;;;;;;;;;;;;;;;;;;;;;;
;2020/09/13 1:04:01 PM OEZ;50 - 70 Jahre;anderes moselfränkisches Sprachgebiet;Wittlich;2;0;2;0;0;0;0;3;16;Gucken;2;2;0;0;2 ;1;0;2 ;1 ;0;Zeigen;3, 6;1;bei vielen
Trier;;;;;;;;;;;;;;;;;;;;;;;;;;;;
;2020/09/07 3:50:07 PM OEZ;15 - 30 Jahre;Trier;Wittlich;0;0;2;0;0;0;0;0;0;;2;0;0;0;0;0;0;0;0;0;;0;"3;1;2";bei keinen
;2020/09/13 3:44:42 AM OEZ;70 - 90 Jahre;Trier;Wittlich;0;0;0;0;0;0;0;0;2;;2;2;0;0;4 ;1;0;2 ;0;0;zeigen ;1;2;bei keinen
;2020/09/08 7:18:52 PM OEZ;30 - 50 Jahre;Trier;Wittlich;0;0;0;0;0;0;0;0;0;;2;2 ;0;0;0;0;0;2 ;0;0;zeigen;11;"3;2";bei manchen
;2020/09/13 8:35:39 AM OEZ;30 - 50 Jahre;Trier;Wittlich;0;0;32;0;0;0;0;0;16;;2;17;0;0;0;1;0;2;0;0;;3;"3;1;2";bei manchen
;2020/09/11 5:07:45 PM OEZ;50 - 70 Jahre;Trier;Wittlich;0;0;5;0;0;0;0;3, 6;2;Herausragen;2;2;0;0;2;8;1;2;2;0;Zeigen;5;"3;1";bei manchen
;2020/09/11 10:02:06 PM OEZ;30 - 50 Jahre;Trier;Wittlich;0;0;0;0;0;0;0;0;0;Gucken;2;1;0;0;2 ;2, 2 ;0;2 ;2;0;;3 ;"3;1";bei vielen
;2020/09/11 4:30:27 PM OEZ;15 - 30 Jahre;Trier;Wittlich;0;0;0;0;0;0;0;0;1;;1;1;0;0;0;1;0;1;0;0;;1;"1;2";bei wenigen
Bitburg;;;;;;;;;;;;;;;;;;;;;;;;;;;;
Trier;;;;;;;;;;;;;;;;;;;;;;;;;;;;
;2020/09/08 10:12:55 AM OEZ;50 - 70 Jahre;Trier;Bitburg;0;0;1;0;0;0;0;0;6;;2;1;0;0;0;1;0;2 ;0;0;zeigen;5 ;"1;aus dem Eifler und Trierer Dialekt ";bei keinen
;2020/09/07 1:37:19 PM OEZ;30 - 50 Jahre;Trier;Bitburg;0;0;1;0;0;0;0;0;1;;1 ;1;0;0;1 ;1;0;1;0;0;1;1;"3;1;2";bei manchen
;2020/09/07 5:45:10 PM OEZ;30 - 50 Jahre;Trier;Bitburg;0;0;31;0;0;0;3;0;0;;2;2;0;3;2;2;0;2;0;0;;3;"3;1;2";bei wenigen
Bitburg;;;;;;;;;;;;;;;;;;;;;;;;;;;;
;2020/09/08 10:24:02 AM OEZ;15 - 30 Jahre;Bitburg;Bitburg;0;0;0;0;0;0;0;0;2;;2;0;0;0;0;0;0;2;0;0;zeigen ;0;"3;1";bei keinen
;2020/09/13 12:33:34 PM OEZ;50 - 70 Jahre;Bitburg;Bitburg;0;0;27;0;0;0;0;0;2;Schauen, sehen;2;2;0;0;0;8, 9;0;2;0;0;Zeigen;3;3;bei keinen
;2020/09/12 12:24:17 PM OEZ;30 - 50 Jahre;Bitburg;Bitburg;2;0;2;0;0;0;0;3;2;gucken ;2;2 ;0;0;2;28;0;2 ;0;0;zeigen;6 ;"3;1";bei manchen
;2020/09/07 6:20:59 PM OEZ;15 - 30 Jahre;Bitburg;Bitburg;0;0;0;0;0;0;0;0;1 ;1 ;2;1 ;0;0;0;1;0; 2 ;0;0;Zeigen ;1;"3;1;2";bei vielen
;2020/09/12 12:26:54 PM OEZ;50 - 70 Jahre;Bitburg;Bitburg;0;0;5;0;0;0;0;0;0;;2;2;0;0;2;10;0;2;0;0;;3;"3;1";bei vielen
;2020/09/12 1:56:58 PM OEZ;50 - 70 Jahre;Bitburg;Bitburg;2;0;5;0;0;0;0;10;2;Gucken;2;2;2;0;2;8;0;2 ;2;0;;6;3;bei vielen
;2020/09/13 7:25:36 PM OEZ;30 - 50 Jahre;Bitburg;Bitburg;0;0;31;0;0;0;0;0;0;;2;2;0;0;0;8;0;2 ;0;0;;14 ;"3;1";bei wenigen
;2020/09/07 2:01:52 PM OEZ;50 - 70 Jahre;Bitburg;Bitburg;0;0;2;0;0;0;0;0;2;Schauen;2;2;0;0;2 ;1;0;2;0;0;Zeigen;6;3;bei wenigen
;2020/09/14 10:56:05 PM OEZ;50 - 70 Jahre;Bitburg;Bitburg;0;0;5;0;0;0;0;0;2;schauen;2;2;0;0;0;8;0;2 ;0;0;zeigen;11;3;bei wenigen
Wittlich;;;;;;;;;;;;;;;;;;;;;;;;;;;;
;2020/09/11 10:47:06 PM OEZ;15 - 30 Jahre;Wittlich;Bitburg;0;0;0;0;0;0;0;0;1;;2;0;0;0;0;0;0;2;0;0;;0;3;bei keinen
;2020/09/12 8:43:15 AM OEZ;30 - 50 Jahre;Wittlich;Bitburg;0;0;0;0;0;0;0;0;0;;2;1;0;0;0;1 ;0;1 ;0;0;;1;1;bei keinen
;2020/09/13 10:07:40 AM OEZ;30 - 50 Jahre;Wittlich;Bitburg;0;0;0;0;0;0;0;0;0;gucken;2;2;0;0;0;28;0;2;0;0;zeigen;6;"3;1";bei keinen
;2020/09/11 9:16:09 PM OEZ;30 - 50 Jahre;Wittlich;Bitburg;0;0;2;0;0;0;0;0;1 ;;2;2;0;0;2;1 ;0;2;0;0;zeigen ;3, 6;"3;1";bei manchen